Date,Close/Last,Volume,Open,High,Low
06/18/2025,42171.66,N/A,42236.03,42510.07,42118.23
06/17/2025,42215.80,N/A,42358.62,42530.83,42132.65
06/16/2025,42515.09,N/A,42300.13,42707.73,42300.13
06/13/2025,42197.79,N/A,42579.48,42602.48,42081.09
06/12/2025,42967.62,N/A,42737.36,42970.40,42606.42
06/11/2025,42865.77,N/A,42882.86,43115.69,42738.62
06/10/2025,42866.87,N/A,42738.27,42925.94,42710.09
06/09/2025,42761.76,N/A,42786.19,42893.09,42567.55
06/06/2025,42762.87,N/A,42631.82,42924.56,42582.55
06/05/2025,42319.74,N/A,42487.89,42601.45,42211.69
06/04/2025,42427.74,N/A,42574.13,42645.00,42427.74
06/03/2025,42519.64,N/A,42304.50,42568.38,42186.44
06/02/2025,42305.48,N/A,42199.94,42317.00,41853.62
05/30/2025,42270.07,N/A,42192.35,42376.08,41906.16
05/29/2025,42215.73,N/A,42190.02,42266.00,41828.35
05/28/2025,42098.70,N/A,42361.63,42448.72,42042.26
05/27/2025,42343.65,N/A,41849.04,42350.66,41849.04
05/23/2025,41603.07,N/A,41525.70,41788.61,41354.09
05/22/2025,41859.09,N/A,41763.68,42090.42,41714.43
05/21/2025,41860.44,N/A,42354.46,42439.27,41785.22
05/20/2025,42677.24,N/A,42735.11,42800.04,42485.37
05/19/2025,42792.07,N/A,42542.81,42842.04,42337.71
05/16/2025,42654.74,N/A,42356.20,42663.68,42232.56
05/15/2025,42322.75,N/A,41777.98,42351.42,41777.98
05/14/2025,42051.06,N/A,42150.09,42254.75,41952.86
05/13/2025,42140.43,N/A,42507.33,42507.33,42132.04
05/12/2025,42410.10,N/A,41899.05,42418.05,41899.05
05/09/2025,41249.38,N/A,41405.48,41512.43,41150.73
05/08/2025,41368.45,N/A,41312.57,41773.22,41167.76
05/07/2025,41113.97,N/A,40956.08,41266.91,40829.29
05/06/2025,40829.00,N/A,41000.19,41164.33,40759.41
05/05/2025,41218.83,N/A,41173.38,41445.91,41063.44
05/02/2025,41317.43,N/A,40960.42,41386.19,40960.42
05/01/2025,40752.96,N/A,40918.04,41099.52,40705.63
04/30/2025,40669.36,N/A,40290.41,40777.16,39745.63
04/29/2025,40527.62,N/A,40233.98,40630.49,40222.18
04/28/2025,40227.59,N/A,40171.74,40414.18,39869.10
04/25/2025,40113.50,N/A,40045.73,40137.31,39718.68
04/24/2025,40093.40,N/A,39531.05,40157.91,39371.87
04/23/2025,39606.57,N/A,39815.01,40376.11,39487.14
04/22/2025,39186.98,N/A,38516.23,39272.03,38516.23
04/21/2025,38170.41,N/A,38906.04,38906.04,37830.66
04/17/2025,39142.23,N/A,39745.58,39745.58,38950.31
04/16/2025,39669.39,N/A,40179.49,40416.80,39394.75
04/15/2025,40368.96,N/A,40527.82,40791.18,40346.94
04/14/2025,40524.79,N/A,40546.15,40778.29,40159.02
04/11/2025,40212.71,N/A,39493.42,40404.27,39255.21
04/10/2025,39593.66,N/A,39996.93,39996.93,38427.70
04/09/2025,40608.45,N/A,37387.91,40778.70,37275.69
04/08/2025,37645.59,N/A,38827.10,39426.60,37103.86
04/07/2025,37965.60,N/A,37879.65,39207.02,36611.78
04/04/2025,38314.86,N/A,40097.90,40097.90,38264.87
04/03/2025,40545.93,N/A,40986.52,41173.62,40513.11
04/02/2025,42225.32,N/A,41736.08,42382.27,41629.70
04/01/2025,41989.96,N/A,41879.75,42140.66,41519.90
03/31/2025,42001.76,N/A,41382.52,42147.38,41148.13
03/28/2025,41583.90,N/A,42245.82,42258.15,41530.00
03/27/2025,42299.70,N/A,42432.96,42523.84,42142.19
03/26/2025,42454.79,N/A,42655.85,42821.83,42326.67
03/25/2025,42587.50,N/A,42635.54,42696.61,42441.83
03/24/2025,42583.32,N/A,42180.14,42638.85,42180.14
03/21/2025,41985.35,N/A,41763.40,42011.40,41433.86
03/20/2025,41953.32,N/A,41795.26,42250.29,41695.61
03/19/2025,41964.63,N/A,41613.19,42178.41,41613.19
03/18/2025,41581.31,N/A,41772.91,41787.25,41415.43
03/17/2025,41841.63,N/A,41460.22,42013.10,41412.75
03/14/2025,41488.19,N/A,41057.57,41528.11,40929.54
03/13/2025,40813.57,N/A,41280.05,41360.12,40661.77
03/12/2025,41350.93,N/A,41577.50,41721.36,41010.24
03/11/2025,41433.48,N/A,41837.95,41868.27,41175.37
03/10/2025,41911.71,N/A,42507.65,42541.36,41612.92
03/07/2025,42801.72,N/A,42503.07,42898.68,42175.62
03/06/2025,42579.08,N/A,42848.49,42970.49,42381.56
03/05/2025,43006.59,N/A,42518.37,43135.92,42418.73
03/04/2025,42520.99,N/A,43040.30,43084.00,42347.75
03/03/2025,43191.24,N/A,43900.49,44033.78,42919.31
02/28/2025,43840.91,N/A,43259.84,43873.55,43100.87
02/27/2025,43239.50,N/A,43516.44,43884.19,43224.53
02/26/2025,43433.12,N/A,43635.42,43866.50,43318.93
02/25/2025,43621.16,N/A,43509.74,43767.74,43282.98
02/24/2025,43461.21,N/A,43493.12,43699.15,43343.67
02/21/2025,43428.02,N/A,43820.13,43959.73,43349.33
02/20/2025,44176.65,N/A,44561.11,44561.11,43950.16
02/19/2025,44627.59,N/A,44478.12,44636.19,44312.65
02/18/2025,44556.34,N/A,44583.91,44602.02,44319.32
02/14/2025,44546.08,N/A,44720.99,44769.05,44498.96
02/13/2025,44711.43,N/A,44425.94,44768.26,44366.62
02/12/2025,44368.56,N/A,44357.70,44467.21,44104.48
02/11/2025,44593.65,N/A,44401.38,44640.60,44319.51
02/10/2025,44470.41,N/A,44396.92,44622.19,44301.42
02/07/2025,44303.40,N/A,44762.57,44857.11,44279.78
02/06/2025,44747.63,N/A,44949.19,44966.63,44545.27
02/05/2025,44873.28,N/A,44563.63,44886.88,44352.99
02/04/2025,44556.04,N/A,44469.46,44597.71,44328.52
02/03/2025,44421.91,N/A,44268.15,44594.54,43879.06
01/31/2025,44544.66,N/A,45054.36,45054.36,44507.22
01/30/2025,44882.13,N/A,44548.69,45008.75,44548.69
01/29/2025,44713.52,N/A,44819.55,44962.58,44579.10
01/28/2025,44850.35,N/A,44756.36,44976.35,44621.96
01/27/2025,44713.58,N/A,44148.84,44727.85,44026.27
01/24/2025,44424.25,N/A,44533.75,44545.52,44332.22
01/23/2025,44565.07,N/A,44113.55,44565.26,44113.55
01/22/2025,44156.73,N/A,44178.06,44208.34,44042.11
01/21/2025,44025.81,N/A,43528.65,44050.13,43528.65
01/17/2025,43487.83,N/A,43312.55,43653.25,43312.55
01/16/2025,43153.13,N/A,43290.25,43294.81,43081.75
01/15/2025,43221.55,N/A,42927.76,43323.49,42927.76
01/14/2025,42518.28,N/A,42366.42,42544.57,42157.03
01/13/2025,42297.12,N/A,41924.68,42319.60,41844.89
01/10/2025,41938.45,N/A,42540.29,42540.29,41877.30
01/08/2025,42635.20,N/A,42542.10,42656.22,42327.79
01/07/2025,42528.36,N/A,42809.71,42931.54,42380.75
01/06/2025,42706.56,N/A,42835.52,43115.31,42611.16
01/03/2025,42732.13,N/A,42495.76,42782.76,42436.92
01/02/2025,42392.27,N/A,42660.09,42905.09,42174.80
12/31/2024,42544.22,N/A,42636.70,42779.69,42421.29
12/30/2024,42573.73,N/A,42863.86,42863.86,42263.51
12/27/2024,42992.21,N/A,43142.37,43238.85,42761.56
12/26/2024,43325.80,N/A,43201.85,43373.98,43115.09
12/24/2024,43297.03,N/A,42916.48,43297.65,42871.76
12/23/2024,42906.95,N/A,42800.49,42957.79,42516.87
12/20/2024,42840.26,N/A,42296.26,43216.03,42146.33
12/19/2024,42342.24,N/A,42464.13,42787.85,42334.13
12/18/2024,42326.87,N/A,43459.72,43688.97,42300.04
12/17/2024,43449.90,N/A,43656.47,43656.47,43336.22
12/16/2024,43717.48,N/A,43825.76,43951.58,43686.85
12/13/2024,43828.06,N/A,43929.15,44054.23,43790.48
12/12/2024,43914.12,N/A,44168.66,44208.60,43903.27
12/11/2024,44148.56,N/A,44300.41,44376.18,44135.74
12/10/2024,44247.83,N/A,44291.57,44470.84,44186.66
12/09/2024,44401.93,N/A,44637.97,44728.51,44382.83
12/06/2024,44642.52,N/A,44824.29,44923.74,44596.46
12/05/2024,44765.71,N/A,45038.44,45059.94,44747.14
12/04/2024,45014.04,N/A,44941.05,45073.63,44799.74
12/03/2024,44705.53,N/A,44769.58,44914.68,44574.78
12/02/2024,44782.00,N/A,44925.86,45001.66,44710.16
11/29/2024,44910.65,N/A,44760.05,45071.29,44760.05
11/27/2024,44722.06,N/A,44837.75,45003.06,44690.23
11/26/2024,44860.31,N/A,44614.89,44903.01,44426.66
11/25/2024,44736.57,N/A,44385.49,44815.67,44385.49
11/22/2024,44296.51,N/A,43871.63,44323.95,43871.63
11/21/2024,43870.35,N/A,43538.70,44020.31,43345.58
11/20/2024,43408.47,N/A,43296.05,43465.77,43074.86
11/19/2024,43268.94,N/A,43243.27,43380.97,42938.87
11/18/2024,43389.60,N/A,43431.89,43505.66,43297.57
11/15/2024,43444.99,N/A,43587.93,43647.53,43350.43
11/14/2024,43750.86,N/A,44032.38,44080.78,43704.82
11/13/2024,43958.19,N/A,43880.46,44141.33,43829.98
11/12/2024,43910.98,N/A,44359.21,44405.73,43887.27
11/11/2024,44293.13,N/A,44057.65,44486.70,44057.65
11/08/2024,43988.99,N/A,43768.53,44157.29,43733.86
11/07/2024,43729.34,N/A,43718.92,43823.10,43641.92
11/06/2024,43729.93,N/A,42850.40,43778.78,42850.40
11/05/2024,42221.88,N/A,41835.49,42258.84,41766.96
11/04/2024,41794.60,N/A,42004.66,42035.87,41647.30
11/01/2024,42052.19,N/A,41869.82,42326.31,41869.82
10/31/2024,41763.46,N/A,41956.34,41991.91,41704.63
10/30/2024,42141.54,N/A,42249.81,42457.92,42141.54
10/29/2024,42233.05,N/A,42323.48,42491.86,42171.65
10/28/2024,42387.57,N/A,42264.54,42476.46,42264.54
10/25/2024,42114.40,N/A,42477.51,42594.64,42051.39
10/24/2024,42374.36,N/A,42522.55,42522.55,42191.83
10/23/2024,42514.95,N/A,42834.40,42834.40,42293.17
10/22/2024,42924.89,N/A,42876.84,43041.05,42718.26
10/21/2024,42931.60,N/A,43222.21,43310.87,42877.57
10/18/2024,43275.91,N/A,43187.12,43325.09,43036.35
10/17/2024,43239.05,N/A,43119.81,43289.76,43119.81
10/16/2024,43077.70,N/A,42706.49,43100.84,42692.37
10/15/2024,42740.42,N/A,43240.17,43277.78,42703.17
10/14/2024,43065.22,N/A,42800.89,43139.00,42707.14
10/11/2024,42863.86,N/A,42507.53,42899.75,42507.53
10/10/2024,42454.12,N/A,42511.37,42511.37,42308.04
10/09/2024,42512.00,N/A,42070.32,42562.01,41993.35
10/08/2024,42080.37,N/A,42022.65,42128.56,41874.72
10/07/2024,41954.24,N/A,42289.51,42293.64,41831.74
10/04/2024,42352.75,N/A,42248.26,42361.38,41972.11
10/03/2024,42011.59,N/A,42099.53,42125.84,41847.81
10/02/2024,42196.52,N/A,42125.14,42259.52,41968.79
10/01/2024,42156.97,N/A,42262.97,42322.36,41945.63
09/30/2024,42330.15,N/A,42289.75,42347.66,41929.07
09/27/2024,42313.00,N/A,42227.95,42628.32,42227.95
09/26/2024,42175.11,N/A,42113.42,42224.15,42036.28
09/25/2024,41914.75,N/A,42236.09,42299.64,41859.73
09/24/2024,42208.22,N/A,42234.99,42281.06,42056.82
09/23/2024,42124.65,N/A,42060.40,42190.05,42012.22
09/20/2024,42063.36,N/A,41959.43,42138.41,41865.95
09/19/2024,42025.19,N/A,41972.56,42160.91,41832.09
09/18/2024,41503.10,N/A,41628.91,41981.97,41449.00
09/17/2024,41606.18,N/A,41723.78,41835.28,41470.69
09/16/2024,41622.08,N/A,41435.17,41733.97,41435.17
09/13/2024,41393.78,N/A,41153.70,41533.84,41128.70
09/12/2024,41096.77,N/A,40862.11,41107.35,40665.53
09/11/2024,40861.71,N/A,40638.76,40903.68,39993.07
09/10/2024,40736.96,N/A,40916.50,40916.50,40417.48
09/09/2024,40829.59,N/A,40555.11,41000.24,40518.06
09/06/2024,40345.41,N/A,40756.81,41009.39,40297.33
09/05/2024,40755.75,N/A,41056.33,41084.78,40519.08
09/04/2024,40974.97,N/A,40872.06,41172.59,40840.89
09/03/2024,40936.93,N/A,41489.67,41489.67,40778.09
08/30/2024,41563.08,N/A,41366.16,41585.21,41145.85
08/29/2024,41335.05,N/A,41345.50,41577.97,41086.81
08/28/2024,41091.42,N/A,41250.17,41351.11,40842.29
08/27/2024,41250.50,N/A,41186.28,41271.75,41109.42
08/26/2024,41240.52,N/A,41200.84,41420.05,41140.23
08/23/2024,41175.08,N/A,40879.12,41207.92,40842.96
08/22/2024,40712.78,N/A,40932.23,41026.64,40584.47
08/21/2024,40890.49,N/A,40881.03,40974.40,40738.43
08/20/2024,40834.97,N/A,40874.52,40909.38,40756.65
08/19/2024,40896.53,N/A,40670.83,40907.32,40670.83
08/16/2024,40659.76,N/A,40528.86,40726.03,40453.58
08/15/2024,40563.06,N/A,40295.74,40590.51,40295.74
08/14/2024,40008.39,N/A,39800.59,40068.75,39737.20
08/13/2024,39765.64,N/A,39445.27,39792.80,39392.41
08/12/2024,39357.01,N/A,39556.01,39587.06,39251.72
08/09/2024,39497.54,N/A,39408.06,39628.66,39230.43
08/08/2024,39446.49,N/A,38940.38,39508.40,38922.79
08/07/2024,38763.45,N/A,39230.09,39477.96,38731.51
08/06/2024,38997.66,N/A,38736.22,39449.53,38638.30
08/05/2024,38703.27,N/A,39056.19,39056.19,38499.27
08/02/2024,39737.26,N/A,40075.33,40075.33,39358.68
08/01/2024,40347.97,N/A,40916.96,41096.66,40098.57
07/31/2024,40842.79,N/A,40768.88,41198.63,40655.89
07/30/2024,40743.33,N/A,40622.13,40866.25,40529.10
07/29/2024,40539.93,N/A,40665.71,40682.49,40388.83
07/26/2024,40589.34,N/A,40140.86,40753.83,40140.86
07/25/2024,39935.07,N/A,39828.63,40438.82,39817.50
07/24/2024,39853.87,N/A,40210.63,40258.44,39807.45
07/23/2024,40358.09,N/A,40443.73,40527.89,40319.70
07/22/2024,40415.44,N/A,40414.49,40472.53,40222.77
07/19/2024,40287.53,N/A,40592.35,40626.16,40203.27
07/18/2024,40665.02,N/A,41156.56,41376.00,40597.50
07/17/2024,41198.08,N/A,40862.57,41221.98,40849.71
07/16/2024,40954.48,N/A,40263.78,40988.81,40263.78
07/15/2024,40211.72,N/A,40138.40,40351.10,40136.10
07/12/2024,40000.90,N/A,39783.28,40257.24,39783.28
07/11/2024,39753.75,N/A,39695.18,39875.60,39623.12
07/10/2024,39721.36,N/A,39272.45,39736.20,39256.72
07/09/2024,39291.97,N/A,39357.37,39492.28,39146.60
07/08/2024,39344.79,N/A,39391.98,39654.96,39278.43
07/05/2024,39375.87,N/A,39313.40,39399.62,39168.70
07/03/2024,39308.00,N/A,39358.95,39411.17,39230.86
07/02/2024,39331.85,N/A,39108.25,39340.49,39085.69
07/01/2024,39169.52,N/A,39186.20,39438.36,39037.94
06/28/2024,39118.86,N/A,39092.39,39443.60,38937.15
06/27/2024,39164.06,N/A,39107.10,39250.69,39026.75
06/26/2024,39127.80,N/A,39063.15,39183.74,38908.99
06/25/2024,39112.16,N/A,39398.79,39423.26,38997.23
06/24/2024,39411.21,N/A,39184.49,39571.23,39184.49
06/21/2024,39150.33,N/A,39208.51,39257.18,39061.67
06/20/2024,39134.76,N/A,38804.73,39232.50,38778.46
06/18/2024,38834.86,N/A,38779.12,38936.93,38727.67
06/17/2024,38778.10,N/A,38565.18,38839.88,38431.95
06/14/2024,38589.16,N/A,38528.39,38595.24,38305.85
06/13/2024,38647.10,N/A,38677.12,38712.21,38407.70
06/12/2024,38712.21,N/A,38950.65,39120.26,38621.45
06/11/2024,38747.42,N/A,38795.71,38795.71,38446.24
06/10/2024,38868.04,N/A,38784.90,38877.86,38665.45
06/07/2024,38798.99,N/A,38861.24,39105.23,38751.85
06/06/2024,38886.17,N/A,38825.40,39004.16,38735.99
06/05/2024,38807.33,N/A,38774.82,38844.32,38548.77
06/04/2024,38711.29,N/A,38518.86,38786.62,38397.82
06/03/2024,38571.03,N/A,38709.99,38735.61,38247.22
05/31/2024,38686.32,N/A,38140.26,38719.43,38092.27
05/30/2024,38111.48,N/A,38368.35,38493.60,38000.96
05/29/2024,38441.54,N/A,38716.28,38716.28,38413.67
05/28/2024,38852.86,N/A,39028.99,39028.99,38706.14
05/24/2024,39069.59,N/A,39089.23,39220.31,39020.29
05/23/2024,39065.26,N/A,39694.95,39694.95,39025.51
05/22/2024,39671.04,N/A,39863.33,39890.91,39559.09
05/21/2024,39872.99,N/A,39804.40,39905.80,39778.73
05/20/2024,39806.77,N/A,39989.76,40077.40,39787.09
05/17/2024,40003.59,N/A,39911.72,40010.88,39858.86
05/16/2024,39869.38,N/A,39912.34,40051.05,39864.68
05/15/2024,39908.00,N/A,39615.10,39935.04,39615.10
05/14/2024,39558.11,N/A,39466.76,39616.41,39371.92
05/13/2024,39431.51,N/A,39591.28,39647.39,39403.05
05/10/2024,39512.84,N/A,39466.52,39579.88,39406.26
05/09/2024,39387.76,N/A,39064.27,39413.66,38988.85
05/08/2024,39056.39,N/A,38818.90,39094.74,38814.99
05/07/2024,38884.26,N/A,38858.94,38977.61,38840.40
05/06/2024,38852.27,N/A,38762.43,38886.47,38689.38
05/03/2024,38675.68,N/A,38709.36,38808.52,38518.28
05/02/2024,38225.66,N/A,38075.65,38295.29,37895.66
05/01/2024,37903.29,N/A,37845.56,38349.20,37780.54
04/30/2024,37815.92,N/A,38337.40,38337.40,37810.12
04/29/2024,38386.09,N/A,38282.16,38406.20,38215.47
04/26/2024,38239.66,N/A,38114.70,38337.64,38065.05
04/25/2024,38085.80,N/A,38052.09,38157.22,37754.38
04/24/2024,38460.92,N/A,38552.79,38552.79,38310.55
04/23/2024,38503.69,N/A,38356.07,38561.50,38297.72
04/22/2024,38239.98,N/A,38116.89,38447.16,37985.07
04/19/2024,37986.40,N/A,37801.98,38102.57,37781.61
04/18/2024,37775.38,N/A,37847.21,38083.76,37681.52
04/17/2024,37753.31,N/A,37949.67,38036.70,37611.56
04/16/2024,37798.97,N/A,37992.22,37992.22,37713.70
04/15/2024,37735.11,N/A,38075.38,38386.81,37657.79
04/12/2024,37983.24,N/A,38319.14,38319.14,37877.30
04/11/2024,38459.08,N/A,38523.26,38598.98,38197.28
04/10/2024,38461.51,N/A,38662.28,38662.28,38304.66
04/09/2024,38883.67,N/A,38983.66,38992.89,38572.09
04/08/2024,38892.80,N/A,38916.42,39013.20,38857.70
04/05/2024,38904.04,N/A,38664.98,39040.17,38602.18
04/04/2024,38596.98,N/A,39343.60,39421.35,38559.42
04/03/2024,39127.14,N/A,39139.59,39305.76,39017.13
04/02/2024,39170.24,N/A,39256.27,39256.27,39051.70
04/01/2024,39566.85,N/A,39807.93,39815.00,39491.22
03/28/2024,39807.37,N/A,39763.74,39868.59,39717.25
03/27/2024,39760.08,N/A,39461.98,39769.41,39461.98
03/26/2024,39282.33,N/A,39338.32,39439.44,39277.19
03/25/2024,39313.64,N/A,39410.54,39430.17,39296.03
03/22/2024,39475.90,N/A,39774.06,39824.76,39469.53
03/21/2024,39781.37,N/A,39661.03,39889.05,39589.23
03/20/2024,39512.13,N/A,39072.05,39529.13,38988.65
03/19/2024,39110.76,N/A,38819.61,39122.71,38761.28
03/18/2024,38790.43,N/A,38826.93,38898.41,38760.79
03/15/2024,38714.77,N/A,38809.65,38928.13,38618.20
03/14/2024,38905.66,N/A,39122.39,39160.25,38704.36
03/13/2024,39043.32,N/A,39054.58,39201.94,38937.92
03/12/2024,39005.49,N/A,38883.32,39071.56,38711.39
03/11/2024,38769.66,N/A,38667.21,38794.76,38483.25
03/08/2024,38722.69,N/A,38776.80,38971.15,38705.03
03/07/2024,38791.35,N/A,38784.30,38910.35,38730.13
03/06/2024,38661.05,N/A,38721.15,38858.13,38570.80
03/05/2024,38585.19,N/A,38906.98,38906.98,38457.83
03/04/2024,38989.83,N/A,38968.77,39087.86,38913.30
03/01/2024,39087.38,N/A,38989.51,39120.36,38850.50
02/29/2024,38996.39,N/A,39013.75,39074.13,38809.28
02/28/2024,38949.02,N/A,38938.08,38956.46,38741.68
02/27/2024,38972.41,N/A,39087.90,39087.90,38881.90
02/26/2024,39069.23,N/A,39144.79,39245.89,39025.80
02/23/2024,39131.53,N/A,39127.97,39282.28,39094.36
02/22/2024,39069.11,N/A,38845.19,39149.61,38802.07
02/21/2024,38612.24,N/A,38483.66,38618.03,38338.58
02/20/2024,38563.80,N/A,38576.26,38663.09,38460.20
02/16/2024,38627.99,N/A,38751.71,38825.03,38583.24
02/15/2024,38773.12,N/A,38397.94,38781.89,38397.94
02/14/2024,38424.27,N/A,38372.67,38442.56,38194.62
02/13/2024,38272.75,N/A,38699.17,38699.17,38039.86
02/12/2024,38797.38,N/A,38656.76,38927.08,38628.92
02/09/2024,38671.69,N/A,38731.97,38734.28,38567.90
02/08/2024,38726.33,N/A,38702.11,38755.68,38544.36
02/07/2024,38677.36,N/A,38613.89,38748.11,38571.01
02/06/2024,38521.36,N/A,38392.90,38545.28,38350.46
02/05/2024,38380.12,N/A,38546.77,38633.88,38220.40
02/02/2024,38654.42,N/A,38448.10,38783.62,38336.57
02/01/2024,38519.84,N/A,38175.34,38522.50,38106.84
01/31/2024,38150.30,N/A,38426.78,38588.86,38139.66
01/30/2024,38467.31,N/A,38298.23,38497.39,38257.80
01/29/2024,38333.45,N/A,38115.83,38343.93,38061.17
01/26/2024,38109.43,N/A,38006.68,38215.31,37997.77
01/25/2024,38049.13,N/A,37862.57,38057.53,37796.47
01/24/2024,37806.39,N/A,37975.37,38064.22,37795.71
01/23/2024,37905.45,N/A,37959.79,37980.73,37804.99
01/22/2024,38001.81,N/A,37919.55,38109.20,37911.61
01/19/2024,37863.80,N/A,37572.50,37933.73,37451.71
01/18/2024,37468.61,N/A,37300.81,37522.29,37122.95
01/17/2024,37266.67,N/A,37281.86,37371.66,37132.89
01/16/2024,37361.12,N/A,37493.54,37543.18,37201.39
01/12/2024,37592.98,N/A,37818.05,37825.27,37470.19
01/11/2024,37711.02,N/A,37747.14,37801.90,37424.28
01/10/2024,37695.73,N/A,37552.91,37740.77,37524.40
01/09/2024,37525.16,N/A,37523.55,37552.38,37373.30
01/08/2024,37683.01,N/A,37327.37,37692.92,37249.24
01/05/2024,37466.11,N/A,37455.46,37623.62,37323.82
01/04/2024,37440.34,N/A,37425.28,37716.41,37425.28
01/03/2024,37430.19,N/A,37629.23,37629.23,37401.85
01/02/2024,37715.04,N/A,37566.22,37790.08,37495.91
12/29/2023,37689.54,N/A,37701.63,37759.43,37538.80
12/28/2023,37710.10,N/A,37661.52,37778.85,37650.98
12/27/2023,37656.52,N/A,37518.62,37683.70,37488.60
12/26/2023,37545.33,N/A,37405.90,37617.99,37371.83
12/22/2023,37385.97,N/A,37349.27,37534.52,37268.88
12/21/2023,37404.35,N/A,37225.32,37418.76,37127.05
12/20/2023,37082.00,N/A,37520.13,37641.30,37073.04
12/19/2023,37557.92,N/A,37311.82,37562.83,37311.82
12/18/2023,37306.02,N/A,37330.14,37393.45,37284.85
12/15/2023,37305.16,N/A,37194.50,37347.60,37092.02
12/14/2023,37248.35,N/A,37115.63,37287.50,37051.52
12/13/2023,37090.24,N/A,36601.80,37094.85,36523.59
12/12/2023,36577.94,N/A,36442.10,36596.11,36373.22
12/11/2023,36404.93,N/A,36254.33,36416.18,36231.19
12/08/2023,36247.87,N/A,36084.82,36296.20,36061.64
12/07/2023,36117.38,N/A,36124.17,36164.17,36021.95
12/06/2023,36054.43,N/A,36183.73,36292.58,36024.25
12/05/2023,36245.50,N/A,36245.50,36245.50,36245.50
12/04/2023,36245.50,N/A,36245.50,36245.50,36245.50
12/01/2023,36245.50,N/A,35914.45,36264.85,35914.45
11/30/2023,35950.89,N/A,35596.57,35970.70,35592.22
11/29/2023,35430.42,N/A,35436.80,35579.13,35405.89
11/28/2023,35416.98,N/A,35332.13,35518.67,35307.73
11/27/2023,35333.47,N/A,35376.44,35410.37,35280.57
11/24/2023,35390.15,N/A,35299.90,35399.44,35299.90
11/22/2023,35273.03,N/A,35189.33,35315.20,35155.80
11/21/2023,35088.29,N/A,35104.84,35118.04,35038.44
11/20/2023,35151.04,N/A,34932.49,35227.48,34907.98
11/17/2023,34947.28,N/A,34964.82,35028.22,34882.82
11/16/2023,34945.47,N/A,34868.03,35022.46,34818.03
11/15/2023,34991.21,N/A,34906.72,35051.10,34868.48
11/14/2023,34827.70,N/A,34581.20,34931.01,34581.20
11/13/2023,34337.87,N/A,34259.25,34405.84,34205.81
11/10/2023,34283.10,N/A,34020.82,34310.36,33905.62
11/09/2023,33891.94,N/A,34163.71,34167.54,33859.77
11/08/2023,34112.27,N/A,34185.92,34252.75,33996.20
11/07/2023,34152.60,N/A,34075.65,34206.98,34026.72
11/06/2023,34095.86,N/A,34092.61,34167.26,33989.72
11/03/2023,34061.32,N/A,33988.83,34163.63,33946.60
11/02/2023,33839.08,N/A,33457.82,33852.96,33450.03
11/01/2023,33274.58,N/A,33081.87,33337.15,33010.85
10/31/2023,33052.87,N/A,33029.11,33070.28,32787.12
10/30/2023,32928.96,N/A,32537.54,33002.97,32537.54
10/27/2023,32417.59,N/A,32782.40,32787.56,32327.20
10/26/2023,32784.30,N/A,33017.17,33105.03,32743.99
10/25/2023,33035.93,N/A,33203.53,33267.91,32989.72
10/24/2023,33141.38,N/A,33089.64,33272.19,32988.43
10/23/2023,32936.41,N/A,32993.02,33234.85,32892.19
10/20/2023,33127.28,N/A,33365.27,33425.77,33118.12
10/19/2023,33414.17,N/A,33669.52,33852.39,33368.58
10/18/2023,33665.08,N/A,33960.25,33991.51,33598.64
10/17/2023,33997.65,N/A,33869.84,34147.63,33854.70
10/16/2023,33984.54,N/A,33832.42,34088.98,33832.42
10/13/2023,33670.29,N/A,33733.34,33957.72,33551.58
10/12/2023,33631.14,N/A,33845.65,33863.80,33455.60
10/11/2023,33804.87,N/A,33822.20,33882.55,33612.25
10/10/2023,33739.30,N/A,33683.41,33898.22,33604.32
10/09/2023,33604.65,N/A,33259.84,33631.81,33253.69
10/06/2023,33407.58,N/A,33040.70,33557.69,32846.94
10/05/2023,33119.57,N/A,33099.23,33174.38,32941.56
10/04/2023,33129.55,N/A,33034.18,33156.45,32873.23
10/03/2023,33002.38,N/A,33318.84,33398.54,32916.20
10/02/2023,33433.35,N/A,33455.50,33511.91,33219.56
09/29/2023,33507.50,N/A,33882.61,33893.68,33407.45
09/28/2023,33666.34,N/A,33519.44,33777.90,33473.50
09/27/2023,33550.27,N/A,33682.81,33731.65,33306.30
09/26/2023,33618.88,N/A,33862.68,33879.93,33569.60
09/25/2023,34006.88,N/A,33907.59,34017.53,33780.67
09/22/2023,33963.84,N/A,34077.08,34156.15,33947.24
09/21/2023,34070.42,N/A,34332.23,34378.30,34058.72
09/20/2023,34440.88,N/A,34575.50,34776.28,34434.29
09/19/2023,34517.73,N/A,34571.84,34597.56,34311.69
09/18/2023,34624.30,N/A,34612.29,34725.06,34545.35
09/15/2023,34618.24,N/A,34902.04,34902.04,34572.27
09/14/2023,34907.11,N/A,34687.50,34977.97,34687.50
09/13/2023,34575.53,N/A,34667.28,34767.11,34509.95
09/12/2023,34645.99,N/A,34620.02,34852.61,34560.55
09/11/2023,34663.72,N/A,34650.01,34784.52,34578.59
09/08/2023,34576.59,N/A,34487.41,34627.85,34473.57
09/07/2023,34500.73,N/A,34351.18,34560.86,34351.18
09/06/2023,34443.19,N/A,34611.68,34611.68,34291.56
09/05/2023,34641.97,N/A,34843.22,34871.26,34635.63
09/01/2023,34837.71,N/A,34876.24,34979.18,34720.70
08/31/2023,34721.91,N/A,34909.09,35070.21,34719.77
08/30/2023,34890.24,N/A,34847.80,35025.57,34811.74
08/29/2023,34852.67,N/A,34531.12,34864.42,34531.12
08/28/2023,34559.98,N/A,34441.64,34652.91,34441.64
08/25/2023,34346.90,N/A,34217.06,34441.91,34029.22
08/24/2023,34099.42,N/A,34439.83,34694.68,34093.65
08/23/2023,34472.98,N/A,34338.59,34534.72,34321.00
08/22/2023,34288.83,N/A,34494.17,34514.04,34256.84
08/21/2023,34463.69,N/A,34531.28,34570.96,34248.46
08/18/2023,34500.66,N/A,34368.36,34587.07,34263.19
08/17/2023,34474.83,N/A,34829.61,34888.48,34440.73
08/16/2023,34765.74,N/A,34914.96,35133.56,34757.37
08/15/2023,34946.39,N/A,35219.37,35219.37,34908.50
08/14/2023,35307.63,N/A,35273.89,35335.45,35169.97
08/11/2023,35281.40,N/A,35111.36,35354.60,35059.99
08/10/2023,35176.15,N/A,35231.54,35578.58,35107.60
08/09/2023,35123.36,N/A,35324.28,35370.89,35058.73
08/08/2023,35314.49,N/A,35345.40,35346.64,35007.41
08/07/2023,35473.13,N/A,35125.60,35497.38,35125.60
08/04/2023,35065.62,N/A,35230.13,35506.88,35033.76
08/03/2023,35215.89,N/A,35194.56,35348.20,35122.32
08/02/2023,35282.52,N/A,35551.92,35551.92,35226.26
08/01/2023,35630.68,N/A,35585.99,35679.13,35526.61
07/31/2023,35559.53,N/A,35465.97,35566.95,35430.22
07/28/2023,35459.29,N/A,35443.49,35565.51,35355.15
07/27/2023,35282.72,N/A,35558.79,35645.35,35216.58
07/26/2023,35520.12,N/A,35345.99,35633.61,35306.27
07/25/2023,35438.07,N/A,35421.49,35527.57,35365.26
07/24/2023,35411.24,N/A,35230.79,35463.97,35230.79
07/21/2023,35227.69,N/A,35274.32,35340.66,35186.05
07/20/2023,35225.18,N/A,35091.98,35372.77,35091.98
07/19/2023,35061.21,N/A,34991.21,35234.05,34991.21
07/18/2023,34951.93,N/A,34597.08,34986.36,34530.61
07/17/2023,34585.35,N/A,34499.74,34665.15,34418.72
07/14/2023,34509.03,N/A,34425.33,34592.26,34425.33
07/13/2023,34395.14,N/A,34412.31,34482.26,34365.33
07/12/2023,34347.43,N/A,34395.28,34586.94,34308.78
07/11/2023,34261.42,N/A,34056.94,34288.87,33993.01
07/10/2023,33944.40,N/A,33705.68,33958.36,33705.68
07/07/2023,33734.88,N/A,33837.07,34036.38,33716.75
07/06/2023,33922.26,N/A,34171.39,34171.39,33771.47
07/05/2023,34288.64,N/A,34344.72,34376.11,34226.98
07/03/2023,34418.47,N/A,34369.78,34465.60,34286.54
06/30/2023,34407.60,N/A,34269.92,34467.35,34269.92
06/29/2023,34122.42,N/A,33854.57,34147.68,33828.63
06/28/2023,33852.66,N/A,33881.38,33903.76,33755.92
06/27/2023,33926.74,N/A,33739.03,33975.65,33730.39
06/26/2023,33714.71,N/A,33730.79,33819.49,33610.32
06/23/2023,33727.43,N/A,33835.66,33835.66,33646.49
06/22/2023,33946.71,N/A,33900.47,34003.56,33835.39
06/21/2023,33951.52,N/A,33990.56,34097.93,33876.17
06/20/2023,34053.87,N/A,34206.66,34206.66,33915.93
06/16/2023,34299.12,N/A,34464.02,34588.68,34285.69
06/15/2023,34408.06,N/A,33945.98,34488.98,33945.98
06/14/2023,33979.33,N/A,34044.70,34151.42,33783.55
06/13/2023,34212.12,N/A,34111.08,34310.28,34107.98
06/12/2023,34066.33,N/A,33906.80,34077.84,33878.46
06/09/2023,33876.78,N/A,33852.44,33975.32,33787.16
06/08/2023,33833.61,N/A,33656.98,33873.81,33630.04
06/07/2023,33665.02,N/A,33562.47,33708.78,33546.11
06/06/2023,33573.28,N/A,33547.67,33631.25,33399.69
06/05/2023,33562.86,N/A,33771.13,33804.22,33552.79
06/02/2023,33762.76,N/A,33187.58,33805.00,33187.58
06/01/2023,33061.57,N/A,32929.85,33167.75,32704.51
05/31/2023,32908.27,N/A,32948.71,32984.83,32739.73
05/30/2023,33042.78,N/A,33103.65,33132.70,32893.97
05/26/2023,33093.34,N/A,32795.50,33162.06,32795.50
05/25/2023,32764.65,N/A,32854.26,32870.43,32586.56
05/24/2023,32799.92,N/A,33021.76,33031.75,32752.44
05/23/2023,33055.51,N/A,33190.60,33310.17,33013.29
05/22/2023,33286.58,N/A,33408.54,33512.30,33207.85
05/19/2023,33426.63,N/A,33582.95,33652.90,33336.66
05/18/2023,33535.91,N/A,33374.56,33579.91,33212.09
05/17/2023,33420.77,N/A,33092.48,33472.38,33050.41
05/16/2023,33012.14,N/A,33275.37,33290.85,33006.19
05/15/2023,33348.60,N/A,33321.21,33400.30,33161.93
05/12/2023,33300.62,N/A,33370.58,33406.40,33110.61
05/11/2023,33309.51,N/A,33383.89,33389.88,33127.70
05/10/2023,33531.33,N/A,33707.20,33772.09,33239.45
05/09/2023,33561.81,N/A,33589.85,33656.40,33509.72
05/08/2023,33618.69,N/A,33715.15,33747.49,33509.23
05/05/2023,33674.38,N/A,33248.55,33748.43,33248.55
05/04/2023,33127.74,N/A,33347.78,33354.86,32937.50
05/03/2023,33414.24,N/A,33726.64,33811.84,33396.05
05/02/2023,33684.53,N/A,34017.62,34017.75,33436.66
05/01/2023,34051.70,N/A,34116.81,34257.83,34030.14
04/28/2023,34098.16,N/A,33797.43,34104.56,33728.40
04/27/2023,33826.16,N/A,33381.66,33859.75,33374.65
04/26/2023,33301.87,N/A,33596.34,33645.83,33235.85
04/25/2023,33530.83,N/A,33828.34,33875.49,33525.39
04/24/2023,33875.40,N/A,33805.04,33891.15,33726.09
04/21/2023,33808.96,N/A,33793.60,33858.83,33688.57
04/20/2023,33786.62,N/A,33740.60,33875.39,33677.74
04/19/2023,33897.01,N/A,33889.83,33957.98,33814.65
04/18/2023,33976.63,N/A,33965.16,34018.62,33791.89
04/17/2023,33987.18,N/A,33930.46,33991.23,33796.91
04/14/2023,33646.50,N/A,33646.50,33646.50,33646.50
04/13/2023,33646.50,N/A,33646.50,33646.50,33646.50
04/12/2023,33646.50,N/A,33764.21,33895.43,33593.32
04/11/2023,33684.79,N/A,33586.75,33781.29,33586.75
04/10/2023,33586.52,N/A,33425.25,33590.24,33343.43
04/06/2023,33485.29,N/A,33420.96,33525.96,33325.37
04/05/2023,33482.72,N/A,33394.60,33543.84,33376.27
04/04/2023,33402.38,N/A,33594.79,33634.72,33275.62
04/03/2023,33601.15,N/A,33245.78,33632.90,33245.78
03/31/2023,33274.15,N/A,32901.96,33291.00,32901.96
03/30/2023,32859.03,N/A,32807.43,32905.80,32682.87
03/29/2023,32717.60,N/A,32566.54,32728.04,32539.94
03/28/2023,32394.25,N/A,32434.85,32551.01,32295.50
03/27/2023,32432.08,N/A,32276.72,32564.00,32276.72
03/24/2023,32237.53,N/A,32038.22,32257.24,31805.18
03/23/2023,32105.25,N/A,32101.49,32511.49,31864.74
03/22/2023,32030.11,N/A,32570.19,32761.89,32020.46
03/21/2023,32560.60,N/A,32420.71,32593.68,32346.12
03/20/2023,32244.58,N/A,31872.33,32280.07,31872.33
03/17/2023,31861.98,N/A,32217.32,32217.32,31728.70
03/16/2023,32246.55,N/A,31827.65,32281.61,31571.46
03/15/2023,31874.57,N/A,31759.87,31906.47,31429.82
03/14/2023,32155.40,N/A,32055.29,32306.59,31805.40
03/13/2023,31819.14,N/A,31819.93,32240.35,31624.87
03/10/2023,31909.64,N/A,32185.14,32422.10,31783.41
03/09/2023,32254.86,N/A,32876.83,32990.46,32190.60
03/08/2023,32798.40,N/A,32872.08,32903.44,32612.70
03/07/2023,32856.46,N/A,33428.31,33453.25,32838.21
03/06/2023,33431.44,N/A,33425.32,33572.22,33383.47
03/03/2023,33390.97,N/A,33076.33,33405.82,33008.41
03/02/2023,33003.57,N/A,32780.97,33083.45,32665.85
03/01/2023,32661.84,N/A,32656.37,32746.15,32500.71
02/28/2023,32656.70,N/A,32873.47,32873.47,32636.43
02/27/2023,32889.09,N/A,32906.16,33189.28,32814.18
02/24/2023,32816.92,N/A,32999.19,32999.19,32643.48
02/23/2023,33153.91,N/A,33175.39,33272.40,32795.67
02/22/2023,33045.09,N/A,33169.33,33245.97,32948.27
02/21/2023,33129.59,N/A,33699.69,33699.69,33115.74
02/17/2023,33826.69,N/A,33677.01,33846.64,33517.73
02/16/2023,33696.85,N/A,33992.09,34041.16,33686.59
02/15/2023,34128.05,N/A,34008.63,34130.49,33833.10
02/14/2023,34089.27,N/A,34194.09,34331.47,33827.45
02/13/2023,34245.93,N/A,33887.39,34249.60,33887.39
02/10/2023,33869.27,N/A,33671.54,33897.31,33591.99
02/09/2023,33699.88,N/A,34105.61,34252.57,33607.13
02/08/2023,33949.01,N/A,34132.90,34161.65,33899.79
02/07/2023,34156.69,N/A,33769.78,34240.00,33634.10
02/06/2023,33891.02,N/A,33874.44,33962.84,33683.58
02/03/2023,33926.01,N/A,33926.30,34179.58,33813.86
02/02/2023,34053.94,N/A,34129.30,34145.14,33814.78
02/01/2023,34092.96,N/A,34039.60,34334.70,33581.42
01/31/2023,34086.04,N/A,33803.56,34095.23,33664.91
01/30/2023,33717.09,N/A,33909.21,34055.29,33695.18
01/27/2023,33978.08,N/A,33952.93,34164.33,33830.85
01/26/2023,33949.41,N/A,33771.66,33953.79,33635.60
01/25/2023,33743.84,N/A,33538.36,33773.09,33273.21
01/24/2023,33733.96,N/A,33444.72,33782.92,33310.56
01/23/2023,33629.56,N/A,33439.56,33782.88,33316.25
01/20/2023,33375.49,N/A,33073.46,33381.95,32948.93
01/19/2023,33044.56,N/A,33171.35,33227.49,32982.05
01/18/2023,33296.96,N/A,33948.49,34016.53,33269.90
01/17/2023,33910.85,N/A,34222.32,34269.97,33860.67
01/13/2023,34302.61,N/A,34075.31,34342.32,33915.49
01/12/2023,34189.97,N/A,34047.86,34292.67,33792.10
01/11/2023,33973.01,N/A,33754.03,33974.69,33711.04
01/10/2023,33704.10,N/A,33516.43,33726.54,33421.80
01/09/2023,33517.65,N/A,33664.39,33935.11,33487.66
01/06/2023,33630.61,N/A,33055.30,33710.66,32997.39
01/05/2023,32930.08,N/A,33191.72,33191.72,32812.33
01/04/2023,33269.77,N/A,33165.14,33409.10,33033.48
01/03/2023,33136.37,N/A,33148.90,33387.52,32850.57
12/30/2022,33147.25,N/A,33121.61,33152.55,32847.82
12/29/2022,33220.80,N/A,33021.43,33293.42,33020.35
12/28/2022,32875.71,N/A,33264.76,33379.55,32869.15
12/27/2022,33241.56,N/A,33224.23,33387.72,33069.58
12/23/2022,33203.93,N/A,32961.06,33226.14,32814.02
12/22/2022,33027.49,N/A,33233.35,33233.35,32573.43
12/21/2022,33376.48,N/A,33028.09,33437.84,33028.09
12/20/2022,32849.74,N/A,32735.24,32992.23,32649.45
12/19/2022,32757.54,N/A,32921.45,33038.94,32581.97
12/16/2022,32920.46,N/A,33166.46,33166.46,32654.59
12/15/2022,33202.22,N/A,33773.00,33773.00,33016.16
12/14/2022,33966.35,N/A,34086.07,34395.65,33704.17
12/13/2022,34108.64,N/A,34268.44,34712.28,33890.88
12/12/2022,34005.04,N/A,33519.50,34005.04,33519.50
12/09/2022,33476.46,N/A,33746.71,33844.63,33462.65
12/08/2022,33781.48,N/A,33695.97,33899.17,33642.46
12/07/2022,33597.92,N/A,33556.40,33774.27,33503.67
12/06/2022,33596.34,N/A,33936.87,34006.63,33418.59
12/05/2022,33947.10,N/A,34335.73,34335.73,33846.81
12/02/2022,34429.88,N/A,34265.45,34483.21,34039.73
12/01/2022,34395.01,N/A,34533.59,34595.51,34129.35
11/30/2022,34589.77,N/A,33795.43,34589.77,33583.77
11/29/2022,33852.53,N/A,33847.80,33933.91,33662.45
11/28/2022,33849.46,N/A,34275.91,34303.88,33799.35
11/25/2022,34347.03,N/A,34213.04,34386.51,34199.57
11/23/2022,34194.06,N/A,34091.57,34262.07,34004.64
11/22/2022,34098.10,N/A,33810.05,34115.70,33810.05
11/21/2022,33700.28,N/A,33760.30,33864.59,33559.18
11/18/2022,33745.69,N/A,33606.59,33827.94,33540.64
11/17/2022,33546.32,N/A,33329.27,33616.02,33239.75
11/16/2022,33553.83,N/A,33554.93,33682.83,33516.99
11/15/2022,33592.92,N/A,33755.94,33987.06,33320.20
11/14/2022,33536.70,N/A,33662.05,33964.30,33533.96
11/11/2022,33747.86,N/A,33797.75,33817.96,33394.43
11/10/2022,33715.37,N/A,33263.91,33727.73,33167.82
11/09/2022,32513.94,N/A,33004.47,33065.11,32478.87
11/08/2022,33160.83,N/A,32934.56,33355.39,32831.46
11/07/2022,32827.00,N/A,32454.10,32895.59,32424.99
11/04/2022,32403.22,N/A,32265.01,32611.52,31938.92
11/03/2022,32001.25,N/A,31985.05,32185.71,31727.05
11/02/2022,32147.76,N/A,32576.28,33071.93,32139.77
11/01/2022,32653.20,N/A,32862.79,32975.48,32485.23
10/31/2022,32732.95,N/A,32754.27,32883.86,32586.93
10/28/2022,32861.80,N/A,32204.31,32889.81,32158.38
10/27/2022,32033.28,N/A,32062.14,32388.42,31993.21
10/26/2022,31839.11,N/A,31738.44,32172.42,31738.44
10/25/2022,31836.74,N/A,31463.65,31876.15,31423.53
10/24/2022,31499.62,N/A,31187.32,31603.63,31161.41
10/21/2022,31082.56,N/A,30291.18,31119.27,30206.28
10/20/2022,30333.59,N/A,30411.92,30822.96,30265.20
10/19/2022,30423.81,N/A,30439.04,30662.11,30226.90
10/18/2022,30523.80,N/A,30697.52,30837.90,30301.83
10/17/2022,30185.82,N/A,30059.58,30311.95,29997.62
10/14/2022,29634.83,N/A,30192.21,30428.82,29614.30
10/13/2022,30038.72,N/A,28755.83,30168.54,28660.94
10/12/2022,29210.85,N/A,29233.06,29455.12,29136.03
10/11/2022,29239.19,N/A,29085.20,29608.42,29074.23
10/10/2022,29202.88,N/A,29419.09,29485.82,29010.41
10/07/2022,29296.79,N/A,29685.27,29685.27,29142.66
10/06/2022,29926.94,N/A,30206.13,30329.61,29859.34
10/05/2022,30273.87,N/A,30078.36,30454.46,29886.44
10/04/2022,30316.32,N/A,29826.67,30325.05,29826.67
10/03/2022,29490.89,N/A,28855.25,29647.79,28855.25
09/30/2022,28725.51,N/A,29123.03,29355.78,28715.85
09/29/2022,29225.61,N/A,29513.73,29513.73,28997.34
09/28/2022,29683.74,N/A,29198.92,29811.78,29114.97
09/27/2022,29134.99,N/A,29419.88,29659.12,28958.22
09/26/2022,29260.81,N/A,29536.84,29630.77,29161.12
09/23/2022,29590.41,N/A,29955.65,29955.65,29250.47
09/22/2022,30076.68,N/A,30204.52,30302.28,29994.53
09/21/2022,30183.78,N/A,30819.39,31020.79,30181.99
09/20/2022,30706.23,N/A,30888.53,30888.53,30465.91
09/19/2022,31019.68,N/A,30722.86,31026.89,30559.37
09/16/2022,30822.42,N/A,30866.61,30866.61,30550.08
09/15/2022,30961.82,N/A,31124.68,31277.69,30882.08
09/14/2022,31135.09,N/A,31141.02,31276.82,30885.02
09/13/2022,31104.97,N/A,32006.50,32006.50,31018.54
09/12/2022,32381.34,N/A,32159.49,32504.04,32159.49
09/09/2022,32151.71,N/A,31876.22,32227.74,31876.22
09/08/2022,31774.52,N/A,31481.95,31783.37,31321.50
09/07/2022,31581.28,N/A,31145.63,31644.34,31095.21
09/06/2022,31145.30,N/A,31343.79,31463.89,31048.46
09/02/2022,31318.44,N/A,31848.50,32026.90,31182.09
09/01/2022,31656.42,N/A,31454.58,31677.51,31219.75
08/31/2022,31510.43,N/A,31827.15,31966.04,31509.59
08/30/2022,31790.87,N/A,32163.84,32205.66,31647.22
08/29/2022,32098.99,N/A,32188.00,32325.16,31972.79
08/26/2022,32283.40,N/A,33293.43,33364.70,32278.22
08/25/2022,33291.78,N/A,33029.27,33306.09,32889.85
08/24/2022,32969.23,N/A,32899.01,33095.50,32828.56
08/23/2022,32909.59,N/A,33033.52,33138.26,32858.89
08/22/2022,33063.61,N/A,33586.59,33586.59,33007.63
08/19/2022,33706.74,N/A,33904.69,33904.69,33627.09
08/18/2022,33999.04,N/A,33981.86,34043.83,33844.46
08/17/2022,33980.32,N/A,34029.55,34161.01,33828.41
08/16/2022,34152.01,N/A,33924.35,34281.36,33852.57
08/15/2022,33912.44,N/A,33710.70,33954.71,33582.96
08/12/2022,33761.05,N/A,33430.72,33767.09,33398.32
08/11/2022,33336.67,N/A,33451.51,33651.80,33289.83
08/10/2022,33309.51,N/A,33130.63,33364.41,33130.63
08/09/2022,32774.41,N/A,32807.36,32877.53,32702.66
08/08/2022,32832.54,N/A,32877.36,33109.96,32769.10
08/05/2022,32803.47,N/A,32593.90,32814.61,32489.62
08/04/2022,32726.82,N/A,32805.69,32829.22,32652.63
08/03/2022,32812.50,N/A,32514.21,32912.74,32514.21
08/02/2022,32396.17,N/A,32691.29,32772.93,32387.12
08/01/2022,32798.40,N/A,32755.71,32972.03,32640.79
07/29/2022,32845.13,N/A,32515.62,32910.18,32493.02
07/28/2022,32529.63,N/A,32197.62,32609.54,31982.61
07/27/2022,32197.59,N/A,31865.05,32336.23,31799.43
07/26/2022,31761.54,N/A,31950.04,31950.04,31705.36
07/25/2022,31990.04,N/A,31950.93,32029.03,31821.67
07/22/2022,31899.29,N/A,32167.92,32219.25,31731.47
07/21/2022,32036.90,N/A,31826.49,32040.63,31534.08
07/20/2022,31874.84,N/A,31829.99,31944.45,31646.95
07/19/2022,31827.05,N/A,31165.91,31842.25,31165.91
07/18/2022,31072.61,N/A,31475.98,31644.68,30982.97
07/15/2022,31288.26,N/A,30775.37,31288.26,30775.37
07/14/2022,30630.17,N/A,30451.80,30680.12,30143.93
07/13/2022,30772.79,N/A,30743.63,30979.17,30514.61
07/12/2022,30981.33,N/A,31113.31,31346.10,30860.51
07/11/2022,31173.84,N/A,31277.98,31367.55,31114.40
07/08/2022,31338.15,N/A,31348.43,31511.46,31212.45
07/07/2022,31384.55,N/A,31190.65,31421.84,31154.64
07/06/2022,31037.68,N/A,30957.30,31224.69,30794.84
07/05/2022,30967.82,N/A,30903.12,30971.74,30355.12
07/01/2022,31097.26,N/A,30737.77,31139.35,30487.79
06/30/2022,30775.43,N/A,30790.00,30979.85,30431.87
06/29/2022,31029.31,N/A,31067.41,31152.96,30894.53
06/28/2022,30946.99,N/A,31549.05,31885.09,30934.33
06/27/2022,31438.26,N/A,31533.60,31598.59,31351.37
06/24/2022,31500.68,N/A,30846.94,31517.29,30846.94
06/23/2022,30677.36,N/A,30570.33,30715.63,30293.40
06/22/2022,30483.13,N/A,30352.57,30777.92,30166.01
06/21/2022,30530.25,N/A,30074.69,30653.98,30074.69
06/17/2022,29888.78,N/A,29912.70,30167.52,29653.29
06/16/2022,29927.07,N/A,30305.74,30305.74,29740.35
06/15/2022,30668.53,N/A,30570.50,31011.97,30185.08
06/14/2022,30364.83,N/A,30592.34,30690.80,30144.23
06/13/2022,30516.74,N/A,31144.91,31144.91,30373.72
06/10/2022,31392.79,N/A,32053.52,32053.52,31387.84
06/09/2022,32272.79,N/A,32828.62,32956.73,32267.78
06/08/2022,32910.90,N/A,33087.07,33156.50,32824.37
06/07/2022,33180.14,N/A,32783.03,33207.45,32641.85
06/06/2022,32915.78,N/A,33032.04,33235.37,32819.50
06/03/2022,32899.70,N/A,32986.32,33135.61,32839.21
06/02/2022,33248.28,N/A,32809.01,33248.61,32509.43
06/01/2022,32813.23,N/A,33156.31,33272.34,32584.76
05/31/2022,32990.12,N/A,33160.59,33240.22,32752.34
05/27/2022,33212.96,N/A,32735.09,33213.62,32682.01
05/26/2022,32637.19,N/A,32248.17,32774.14,32248.17
05/25/2022,32120.28,N/A,31816.31,32254.44,31754.33
05/24/2022,31928.62,N/A,31717.61,32014.86,31365.59
05/23/2022,31880.24,N/A,31395.89,31968.42,31395.89
05/20/2022,31261.90,N/A,31426.94,31515.78,30635.76
05/19/2022,31253.13,N/A,31262.62,31569.13,31016.41
05/18/2022,31490.07,N/A,32468.67,32468.67,31393.95
05/17/2022,32654.59,N/A,32427.00,32689.14,32308.15
05/16/2022,32223.42,N/A,32152.15,32514.02,31928.18
05/13/2022,32196.66,N/A,31963.86,32276.05,31862.79
05/12/2022,31730.30,N/A,31699.04,31914.46,31228.22
05/11/2022,31834.11,N/A,32123.24,32584.02,31798.86
05/10/2022,32160.74,N/A,32504.09,32752.17,31887.89
05/09/2022,32245.70,N/A,32685.17,32685.17,32121.98
05/06/2022,32899.37,N/A,32773.88,33055.84,32474.69
05/05/2022,32997.97,N/A,33854.17,33854.17,32685.10
05/04/2022,34061.06,N/A,33171.80,34117.74,33021.84
05/03/2022,33128.79,N/A,33086.09,33341.58,32914.75
05/02/2022,33061.50,N/A,32978.49,33224.95,32449.87
04/29/2022,32977.21,N/A,33787.01,33919.59,32913.15
04/28/2022,33916.39,N/A,33425.96,34054.79,33248.46
04/27/2022,33301.93,N/A,33450.92,33697.18,33108.89
04/26/2022,33240.18,N/A,33907.49,33909.51,33230.95
04/25/2022,34049.46,N/A,33731.65,34106.01,33323.37
04/22/2022,33811.40,N/A,34727.38,34727.38,33773.39
04/21/2022,34792.76,N/A,35258.80,35492.22,34723.82
04/20/2022,35160.79,N/A,34962.67,35315.40,34962.67
04/19/2022,34911.20,N/A,34394.62,34983.11,34394.62
04/18/2022,34411.69,N/A,34411.49,34618.29,34279.08
04/14/2022,34451.23,N/A,34628.46,34889.17,34437.50
04/13/2022,34564.59,N/A,34166.64,34598.36,34140.64
04/12/2022,34220.36,N/A,34412.51,34669.97,34102.81
04/11/2022,34308.08,N/A,34630.27,34701.34,34272.29
04/08/2022,34721.12,N/A,34569.24,34908.46,34470.19
04/07/2022,34583.57,N/A,34439.24,34705.83,34190.95
04/06/2022,34496.51,N/A,34520.34,34609.84,34277.17
04/05/2022,34641.18,N/A,34876.33,35112.21,34566.04
04/04/2022,34921.88,N/A,34799.98,34940.78,34615.38
04/01/2022,34818.27,N/A,34740.89,34847.91,34538.25
03/31/2022,34678.35,N/A,35201.52,35201.52,34677.99
03/30/2022,35228.81,N/A,35273.63,35361.36,35058.58
03/29/2022,35294.19,N/A,35114.35,35372.26,35030.07
03/28/2022,34955.89,N/A,34833.03,34957.93,34552.23
03/25/2022,34861.24,N/A,34702.39,34942.70,34631.52
03/24/2022,34707.94,N/A,34406.81,34713.56,34355.42
03/23/2022,34358.50,N/A,34748.84,34748.84,34352.96
03/22/2022,34807.46,N/A,34583.24,34882.03,34583.24
03/21/2022,34552.99,N/A,34669.85,34808.28,34341.81
03/18/2022,34754.93,N/A,34466.72,34755.20,34279.83
03/17/2022,34480.76,N/A,33995.39,34483.92,33896.06
03/16/2022,34063.10,N/A,33653.93,34075.94,33391.24
03/15/2022,33544.34,N/A,32989.27,33620.84,32989.27
03/14/2022,32945.24,N/A,33000.37,33395.59,32818.16
03/11/2022,32944.19,N/A,33279.72,33515.61,32911.89
03/10/2022,33174.07,N/A,33106.77,33236.59,32819.76
03/09/2022,33286.25,N/A,32860.42,33457.28,32860.42
03/08/2022,32632.64,N/A,32885.17,33402.98,32578.73
03/07/2022,32817.38,N/A,33579.75,33579.75,32806.15
03/04/2022,33614.80,N/A,33655.43,33655.43,33254.12
03/03/2022,33794.66,N/A,33972.87,34179.07,33641.53
03/02/2022,33891.35,N/A,33379.51,34013.67,33379.51
03/01/2022,33294.95,N/A,33813.48,33870.14,33107.67
02/28/2022,33892.60,N/A,33870.62,33963.63,33469.31
02/25/2022,34058.75,N/A,33277.22,34095.74,33277.22
02/24/2022,33223.83,N/A,32830.33,33269.34,32272.64
02/23/2022,33131.76,N/A,33680.97,33832.59,33084.90
02/22/2022,33596.61,N/A,33974.09,34024.74,33364.29
02/18/2022,34079.18,N/A,34310.45,34423.58,33976.18
02/17/2022,34312.03,N/A,34858.47,34858.47,34246.23
02/16/2022,34934.27,N/A,34951.83,35042.09,34642.64
02/15/2022,34988.84,N/A,34686.19,35047.79,34686.19
02/14/2022,34566.17,N/A,34694.50,34744.56,34304.28
02/11/2022,34738.06,N/A,35267.89,35431.15,34620.52
02/10/2022,35241.59,N/A,35630.81,35800.24,35100.72
02/09/2022,35768.06,N/A,35614.90,35824.28,35614.90
02/08/2022,35462.78,N/A,35160.68,35544.89,35090.42
02/07/2022,35091.13,N/A,35108.38,35325.01,34993.98
02/04/2022,35089.74,N/A,35095.74,35333.55,34799.08
02/03/2022,35111.16,N/A,35520.08,35535.94,35071.06
02/02/2022,35629.33,N/A,35378.19,35679.20,35290.12
02/01/2022,35405.24,N/A,35151.47,35441.09,34977.95
01/31/2022,35131.86,N/A,34691.17,35148.14,34496.10
01/28/2022,34725.47,N/A,34135.24,34731.77,33807.51
01/27/2022,34160.78,N/A,34261.75,34773.32,34007.78
01/26/2022,34168.09,N/A,34520.82,34815.67,33876.48
01/25/2022,34297.73,N/A,34186.64,34591.04,33545.52
01/24/2022,34364.50,N/A,34070.61,34420.99,33150.33
01/21/2022,34265.37,N/A,34701.69,34896.67,34229.55
01/20/2022,34715.39,N/A,35102.66,35490.20,34670.12
01/19/2022,35028.65,N/A,35412.30,35547.83,35015.49
01/18/2022,35368.47,N/A,35661.76,35661.76,35262.02
01/14/2022,35911.81,N/A,35996.43,35996.43,35641.49
01/13/2022,36113.62,N/A,36312.49,36513.88,36044.22
01/12/2022,36290.32,N/A,36336.16,36453.49,36168.15
01/11/2022,36252.02,N/A,36058.85,36271.47,35769.38
01/10/2022,36068.87,N/A,36175.21,36175.21,35639.91
01/07/2022,36231.66,N/A,36249.59,36382.84,36111.53
01/06/2022,36236.47,N/A,36409.05,36464.19,36200.68
01/05/2022,36407.11,N/A,36722.60,36952.65,36400.39
01/04/2022,36799.65,N/A,36636.00,36934.84,36636.00
01/03/2022,36585.06,N/A,36321.59,36595.82,36246.45
12/31/2021,36338.30,N/A,36385.85,36484.94,36303.97
12/30/2021,36398.08,N/A,36522.48,36679.44,36372.13
12/29/2021,36488.63,N/A,36421.14,36571.55,36396.19
12/28/2021,36398.21,N/A,36302.99,36527.26,36302.99
12/27/2021,36302.38,N/A,35954.48,36306.61,35954.48
12/23/2021,35950.56,N/A,35782.42,36060.99,35782.42
12/22/2021,35753.89,N/A,35491.71,35764.67,35433.13
12/21/2021,35492.70,N/A,35069.50,35508.96,35069.50
12/20/2021,34932.16,N/A,35222.12,35222.12,34665.50
12/17/2021,35365.44,N/A,35800.11,35800.11,35284.26
12/16/2021,35897.64,N/A,36036.28,36189.83,35778.21
12/15/2021,35927.43,N/A,35549.35,35943.84,35389.30
12/14/2021,35544.18,N/A,35605.73,35779.47,35441.74
12/13/2021,35650.95,N/A,35958.93,35958.93,35609.53
12/10/2021,35970.99,N/A,35830.55,35982.69,35710.43
12/09/2021,35754.69,N/A,35722.26,35864.24,35577.14
12/08/2021,35754.75,N/A,35716.85,35840.52,35602.65
12/07/2021,35719.43,N/A,35423.99,35819.47,35423.99
12/06/2021,35227.03,N/A,34633.43,35356.75,34633.43
12/03/2021,34580.08,N/A,34692.78,34801.31,34264.57
12/02/2021,34639.79,N/A,34076.25,34759.65,34076.25
12/01/2021,34022.04,N/A,34678.94,35004.64,34006.98
11/30/2021,34483.72,N/A,35056.99,35056.99,34424.44
11/29/2021,35135.94,N/A,35017.71,35287.91,34895.89
11/26/2021,34899.34,N/A,35366.69,35366.69,34749.80
11/24/2021,35804.38,N/A,35752.31,35825.47,35591.03
11/23/2021,35813.80,N/A,35619.92,35841.52,35542.87
11/22/2021,35619.25,N/A,35631.41,35929.66,35615.55
11/19/2021,35601.98,N/A,35879.09,35879.09,35555.37
11/18/2021,35870.95,N/A,35901.69,35952.63,35654.39
11/17/2021,35931.05,N/A,36159.70,36159.70,35909.48
11/16/2021,36142.22,N/A,36076.18,36316.61,36076.18
11/15/2021,36087.45,N/A,36128.83,36236.07,36031.78
11/12/2021,36100.31,N/A,35963.78,36147.63,35934.59
11/11/2021,35921.23,N/A,36038.78,36108.17,35915.27
11/10/2021,36079.94,N/A,36299.25,36346.61,36009.50
11/09/2021,36319.98,N/A,36404.53,36416.98,36173.07
11/08/2021,36432.22,N/A,36416.46,36565.73,36334.42
11/05/2021,36327.95,N/A,36268.75,36484.75,36190.20
11/04/2021,36124.23,N/A,36107.46,36168.03,35986.48
11/03/2021,36157.58,N/A,36059.09,36178.51,35891.73
11/02/2021,36052.63,N/A,35935.11,36088.81,35884.13
11/01/2021,35913.84,N/A,35833.65,36009.74,35797.97
10/29/2021,35819.56,N/A,35712.28,35852.53,35633.20
10/28/2021,35730.48,N/A,35545.41,35742.25,35545.41
10/27/2021,35490.69,N/A,35835.43,35835.43,35490.43
10/26/2021,35756.88,N/A,35791.05,35892.92,35734.73
10/25/2021,35741.15,N/A,35692.62,35787.04,35629.37
10/22/2021,35677.02,N/A,35607.72,35765.02,35533.95
10/21/2021,35603.08,N/A,35520.32,35612.36,35442.53
10/20/2021,35609.34,N/A,35475.16,35669.69,35465.71
10/19/2021,35457.31,N/A,35325.37,35462.68,35290.12
10/18/2021,35258.61,N/A,35221.02,35327.57,35035.94
10/15/2021,35294.76,N/A,35023.63,35320.97,35023.63
10/14/2021,34912.56,N/A,34443.22,34923.83,34443.22
10/13/2021,34377.81,N/A,34372.71,34449.83,34115.10
10/12/2021,34378.34,N/A,34507.15,34611.24,34318.94
10/11/2021,34496.06,N/A,34723.79,34951.35,34486.51
10/08/2021,34746.25,N/A,34757.57,34842.62,34661.95
10/07/2021,34754.94,N/A,34509.72,34975.19,34509.72
10/06/2021,34416.99,N/A,34198.96,34432.68,33854.69
10/05/2021,34314.67,N/A,34035.25,34490.95,34035.25
10/04/2021,34002.92,N/A,34312.96,34410.28,33821.58
10/01/2021,34326.46,N/A,33930.70,34490.56,33785.54
09/30/2021,33843.92,N/A,34467.98,34557.37,33833.32
09/29/2021,34390.72,N/A,34360.08,34580.42,34305.96
09/28/2021,34299.99,N/A,34747.70,34798.21,34254.65
09/27/2021,34869.37,N/A,34739.27,35061.12,34739.27
09/24/2021,34798.00,N/A,34762.31,34857.06,34648.08
09/23/2021,34764.82,N/A,34296.30,34879.78,34296.30
09/22/2021,34258.32,N/A,34006.87,34440.42,34006.87
09/21/2021,33919.84,N/A,34025.61,34313.88,33914.02
09/20/2021,33970.47,N/A,34459.72,34459.72,33613.03
09/17/2021,34584.88,N/A,34737.86,34779.86,34519.63
09/16/2021,34751.32,N/A,34810.27,34943.55,34540.11
09/15/2021,34814.39,N/A,34580.95,34880.77,34522.03
09/14/2021,34577.57,N/A,34906.90,34990.36,34510.30
09/13/2021,34869.63,N/A,34665.50,34939.10,34665.50
09/10/2021,34607.72,N/A,34949.59,35104.25,34599.61
09/09/2021,34879.38,N/A,35013.08,35199.89,34847.30
09/08/2021,35031.07,N/A,35087.45,35175.15,34925.61
09/07/2021,35100.00,N/A,35373.24,35373.24,35060.90
09/03/2021,35369.09,N/A,35401.73,35422.71,35269.40
09/02/2021,35443.82,N/A,35353.06,35475.40,35348.48
09/01/2021,35312.53,N/A,35387.55,35407.37,35287.05
08/31/2021,35360.73,N/A,35391.38,35449.79,35289.86
08/30/2021,35399.84,N/A,35471.80,35510.71,35374.46
08/27/2021,35455.80,N/A,35231.11,35479.18,35231.11
08/26/2021,35213.12,N/A,35449.68,35498.45,35205.10
08/25/2021,35405.50,N/A,35388.77,35501.14,35287.63
08/24/2021,35366.26,N/A,35382.72,35445.47,35356.18
08/23/2021,35335.71,N/A,35160.97,35428.91,35160.97
08/20/2021,35120.08,N/A,34917.96,35177.26,34867.07
08/19/2021,34894.12,N/A,34874.67,34997.81,34690.25
08/18/2021,34960.69,N/A,35310.20,35356.80,34943.41
08/17/2021,35343.28,N/A,35500.01,35500.01,35120.31
08/16/2021,35625.40,N/A,35490.83,35631.19,35231.87
08/13/2021,35515.38,N/A,35551.56,35610.57,35474.78
08/12/2021,35499.85,N/A,35481.94,35510.77,35352.53
08/11/2021,35484.97,N/A,35300.89,35501.16,35300.89
08/10/2021,35264.67,N/A,35135.17,35285.16,35091.91
08/09/2021,35101.85,N/A,35229.67,35229.67,35041.24
08/06/2021,35208.51,N/A,35077.44,35246.79,35077.44
08/05/2021,35064.25,N/A,34815.61,35067.54,34815.61
08/04/2021,34792.67,N/A,35047.44,35047.44,34790.62
08/03/2021,35116.40,N/A,34864.10,35120.94,34714.33
08/02/2021,34838.16,N/A,34968.56,35192.11,34808.20
07/30/2021,34935.47,N/A,35013.26,35106.30,34871.13
07/29/2021,35084.53,N/A,34985.99,35171.52,34985.99
07/28/2021,34930.93,N/A,35109.95,35116.37,34876.84
07/27/2021,35058.52,N/A,35078.90,35078.90,34878.07
07/26/2021,35144.31,N/A,35055.86,35150.37,34950.19
07/23/2021,35061.55,N/A,34855.11,35095.33,34855.11
07/22/2021,34823.35,N/A,34799.68,34879.28,34673.03
07/21/2021,34798.00,N/A,34556.96,34820.24,34556.96
07/20/2021,34511.99,N/A,33981.79,34621.79,33981.79
07/19/2021,33962.04,N/A,34528.48,34528.48,33741.76
07/16/2021,34687.85,N/A,35007.94,35090.01,34647.82
07/15/2021,34987.02,N/A,34924.81,34990.41,34762.87
07/14/2021,34933.23,N/A,34920.83,35069.18,34826.87
07/13/2021,34888.79,N/A,34959.96,35018.79,34876.89
07/12/2021,34996.18,N/A,34836.75,35014.90,34730.15
07/09/2021,34870.16,N/A,34457.51,34893.72,34457.51
07/08/2021,34421.93,N/A,34569.01,34569.01,34145.59
07/07/2021,34681.79,N/A,34604.17,34708.78,34435.59
07/06/2021,34577.37,N/A,34790.16,34814.20,34358.42
07/02/2021,34786.35,N/A,34642.42,34821.93,34613.49
07/01/2021,34633.53,N/A,34507.32,34640.28,34498.85
06/30/2021,34502.51,N/A,34290.74,34553.16,34245.48
06/29/2021,34292.29,N/A,34338.89,34469.83,34266.83
06/28/2021,34283.27,N/A,34428.10,34449.65,34186.13
06/25/2021,34433.84,N/A,34328.10,34501.02,34314.80
06/24/2021,34196.82,N/A,33933.91,34233.02,33933.91
06/23/2021,33874.24,N/A,33948.54,34009.40,33869.83
06/22/2021,33945.58,N/A,33872.56,34040.70,33751.06
06/21/2021,33876.97,N/A,33312.07,33908.09,33312.07
06/18/2021,33290.08,N/A,33622.70,33622.70,33271.93
06/17/2021,33823.45,N/A,34014.38,34091.79,33626.61
06/16/2021,34033.67,N/A,34308.48,34333.25,33917.11
06/15/2021,34299.33,N/A,34397.10,34420.38,34199.16
06/14/2021,34393.75,N/A,34472.52,34472.52,34211.54
06/11/2021,34479.60,N/A,34499.81,34618.09,34328.65
06/10/2021,34466.24,N/A,34502.51,34737.79,34447.25
06/09/2021,34447.14,N/A,34626.16,34654.67,34439.37
06/08/2021,34599.82,N/A,34645.84,34665.38,34452.94
06/07/2021,34630.24,N/A,34766.20,34820.91,34574.51
06/04/2021,34756.39,N/A,34618.69,34772.12,34618.69
06/03/2021,34577.04,N/A,34550.31,34667.41,34334.41
06/02/2021,34600.38,N/A,34614.62,34706.65,34545.96
06/01/2021,34575.31,N/A,34584.19,34849.32,34542.87
05/28/2021,34529.45,N/A,34558.50,34631.11,34520.09
05/27/2021,34464.64,N/A,34432.47,34608.82,34389.24
05/26/2021,34323.05,N/A,34336.34,34409.59,34271.44
05/25/2021,34312.46,N/A,34428.66,34511.35,34266.03
05/24/2021,34393.98,N/A,34253.87,34472.51,34253.87
05/21/2021,34207.84,N/A,34121.91,34415.48,34121.91
05/20/2021,34084.15,N/A,33906.30,34233.40,33872.41
05/19/2021,33896.04,N/A,33945.81,33945.81,33473.80
05/18/2021,34060.66,N/A,34351.18,34408.99,34044.10
05/17/2021,34327.79,N/A,34375.29,34383.84,34176.65
05/14/2021,34382.13,N/A,34050.86,34454.05,34050.86
05/13/2021,34021.45,N/A,33624.74,34181.77,33623.49
05/12/2021,33587.66,N/A,34206.40,34207.87,33555.22
05/11/2021,34269.16,N/A,34572.74,34572.74,34075.31
05/10/2021,34742.82,N/A,34785.27,35091.56,34741.57
05/07/2021,34777.76,N/A,34578.27,34811.39,34464.31
05/06/2021,34548.53,N/A,34245.11,34561.29,34185.06
05/05/2021,34230.34,N/A,34163.99,34331.20,34039.66
05/04/2021,34133.03,N/A,34080.20,34147.78,33765.68
05/03/2021,34113.23,N/A,33904.89,34221.06,33904.89
04/30/2021,33874.85,N/A,33988.75,33988.75,33784.96
04/29/2021,34060.36,N/A,33855.64,34087.21,33744.28
04/28/2021,33820.38,N/A,33860.46,33946.60,33805.56
04/27/2021,33984.93,N/A,33932.13,34043.98,33870.46
04/26/2021,33981.57,N/A,34044.23,34148.94,33941.37
04/23/2021,34043.49,N/A,33804.52,34157.57,33713.29
04/22/2021,33815.90,N/A,34109.88,34126.57,33717.19
04/21/2021,34137.31,N/A,33808.30,34160.34,33773.80
04/20/2021,33821.30,N/A,34034.18,34034.18,33687.01
04/19/2021,34077.63,N/A,34182.38,34182.38,33980.56
04/16/2021,34200.67,N/A,34058.16,34256.75,34058.16
04/15/2021,34035.99,N/A,33788.53,34068.73,33788.53
04/14/2021,33730.89,N/A,33668.95,33911.25,33668.95
04/13/2021,33677.27,N/A,33721.16,33741.64,33545.84
04/12/2021,33745.40,N/A,33775.06,33786.19,33665.54
04/09/2021,33800.60,N/A,33526.19,33810.87,33526.19
04/08/2021,33503.57,N/A,33469.89,33506.80,33342.64
04/07/2021,33446.26,N/A,33444.98,33521.76,33347.96
04/06/2021,33430.24,N/A,33500.02,33544.79,33380.43
04/05/2021,33527.19,N/A,33222.38,33617.95,33222.38
04/01/2021,33153.21,N/A,33054.58,33167.17,32985.35
03/31/2021,32981.55,N/A,33116.04,33173.77,32980.57
03/30/2021,33066.96,N/A,33127.88,33170.93,32988.92
03/29/2021,33171.37,N/A,33087.55,33259.00,32905.13
03/26/2021,33072.88,N/A,32681.07,33098.83,32681.07
03/25/2021,32619.48,N/A,32346.81,32672.69,32071.41
03/24/2021,32420.06,N/A,32470.88,32787.99,32418.15
03/23/2021,32423.15,N/A,32691.50,32753.77,32356.28
03/22/2021,32731.20,N/A,32601.82,32810.35,32512.53
03/19/2021,32627.97,N/A,32858.36,32858.36,32505.07
03/18/2021,32862.30,N/A,32928.16,33227.78,32831.25
03/17/2021,33015.37,N/A,32825.52,33047.58,32782.18
03/16/2021,32825.95,N/A,32966.75,32966.75,32778.23
03/15/2021,32953.46,N/A,32798.84,32973.40,32629.75
03/12/2021,32778.64,N/A,32462.40,32793.32,32462.40
03/11/2021,32485.59,N/A,32354.50,32661.59,32345.70
03/10/2021,32297.02,N/A,31906.96,32389.50,31906.96
03/09/2021,31832.74,N/A,31892.35,32150.32,31822.64
03/08/2021,31802.44,N/A,31512.15,32148.04,31512.15
03/05/2021,31496.30,N/A,31029.18,31580.33,30766.81
03/04/2021,30924.14,N/A,31289.01,31461.97,30547.53
03/03/2021,31270.09,N/A,31352.96,31563.31,31260.14
03/02/2021,31391.52,N/A,31535.37,31623.27,31377.16
03/01/2021,31535.51,N/A,31065.90,31668.34,31065.90
02/26/2021,30932.37,N/A,31401.29,31450.89,30911.37
02/25/2021,31402.01,N/A,31955.94,31984.77,31293.32
02/24/2021,31961.86,N/A,31499.75,32009.64,31421.29
02/23/2021,31537.35,N/A,31501.89,31653.38,31158.76
02/22/2021,31521.69,N/A,31381.12,31653.48,31286.57
02/19/2021,31494.32,N/A,31504.13,31647.53,31469.34
02/18/2021,31493.34,N/A,31558.60,31558.60,31285.32
02/17/2021,31613.02,N/A,31485.61,31643.70,31338.76
02/16/2021,31522.75,N/A,31472.08,31608.63,31443.48
02/12/2021,31458.40,N/A,31420.80,31475.31,31347.80
02/11/2021,31430.70,N/A,31466.49,31543.82,31244.36
02/10/2021,31437.80,N/A,31428.02,31511.44,31221.32
02/09/2021,31375.83,N/A,31359.88,31439.47,31245.86
02/08/2021,31385.76,N/A,31191.20,31386.10,31191.20
02/05/2021,31148.24,N/A,31093.81,31252.18,31083.22
02/04/2021,31055.86,N/A,30737.78,31065.96,30737.78
02/03/2021,30723.60,N/A,30689.65,30793.41,30521.31
02/02/2021,30687.48,N/A,30276.88,30840.54,30276.88
02/01/2021,30211.91,N/A,30054.73,30335.91,30014.97
01/29/2021,29982.62,N/A,30553.91,30553.91,29856.30
01/28/2021,30603.36,N/A,30377.19,30951.41,30377.19
01/27/2021,30303.17,N/A,30893.78,30893.78,30206.91
01/26/2021,30937.04,N/A,30968.55,31121.42,30921.71
01/25/2021,30960.00,N/A,30989.85,30989.85,30564.06
01/22/2021,30996.98,N/A,31141.56,31141.56,30908.47
01/21/2021,31176.01,N/A,31198.01,31272.22,31120.92
01/20/2021,31188.38,N/A,31017.54,31235.98,30997.79
01/19/2021,30930.52,N/A,30887.42,31086.62,30865.03
01/15/2021,30814.26,N/A,30926.77,30941.98,30612.67
01/14/2021,30991.52,N/A,31085.67,31223.78,30982.24
01/13/2021,31060.47,N/A,31084.88,31153.37,30992.05
01/12/2021,31068.69,N/A,31015.01,31114.56,30888.76
01/11/2021,31008.69,N/A,31015.37,31096.98,30832.06
01/08/2021,31097.97,N/A,31069.58,31140.67,30793.27
01/07/2021,31041.13,N/A,30901.18,31193.40,30897.86
01/06/2021,30829.40,N/A,30362.78,31022.65,30313.07
01/05/2021,30391.60,N/A,30204.25,30504.89,30141.78
01/04/2021,30223.89,N/A,30627.47,30674.28,29881.82
12/31/2020,30606.48,N/A,30417.64,30637.47,30344.50
12/30/2020,30409.56,N/A,30415.09,30525.35,30393.04
12/29/2020,30335.67,N/A,30492.07,30588.79,30274.24
12/28/2020,30403.97,N/A,30283.23,30525.56,30283.23
12/24/2020,30199.87,N/A,30155.92,30209.67,30099.30
12/23/2020,30129.83,N/A,30046.73,30292.53,30046.73
12/22/2020,30015.51,N/A,30200.20,30200.20,29992.89
12/21/2020,30216.45,N/A,30159.00,30304.14,29755.53
12/18/2020,30179.05,N/A,30314.26,30343.59,30029.44
12/17/2020,30303.37,N/A,30216.00,30323.78,30216.00
12/16/2020,30154.54,N/A,30191.38,30236.03,30080.11
12/15/2020,30199.31,N/A,29919.09,30243.26,29894.95
12/14/2020,29861.55,N/A,30123.91,30325.79,29849.15
12/11/2020,30046.37,N/A,29988.21,30071.13,29820.84
12/10/2020,29999.26,N/A,30032.55,30063.87,29876.82
12/09/2020,30068.81,N/A,30229.81,30319.70,29951.85
12/08/2020,30173.88,N/A,29997.95,30246.22,29972.07
12/07/2020,30069.79,N/A,30233.03,30233.03,29967.22
12/04/2020,30218.26,N/A,29989.56,30218.26,29989.56
12/03/2020,29969.52,N/A,29920.83,30110.88,29877.27
12/02/2020,29883.79,N/A,29695.09,29902.51,29599.29
12/01/2020,29823.92,N/A,29797.50,30083.31,29797.50
11/30/2020,29638.64,N/A,29854.51,29854.51,29463.64
11/27/2020,29910.37,N/A,29911.33,30015.13,29819.98
11/25/2020,29872.47,N/A,30058.87,30058.87,29806.25
11/24/2020,30046.24,N/A,29746.11,30116.51,29746.11
11/23/2020,29591.27,N/A,29332.82,29667.75,29332.82
11/20/2020,29263.48,N/A,29437.57,29469.89,29231.20
11/19/2020,29483.23,N/A,29370.92,29524.90,29228.38
11/18/2020,29438.42,N/A,29875.40,29930.85,29432.84
11/17/2020,29783.35,N/A,29800.15,29872.42,29520.29
11/16/2020,29950.44,N/A,29672.36,29964.29,29672.36
11/13/2020,29479.81,N/A,29203.90,29559.25,29203.90
11/12/2020,29080.17,N/A,29231.91,29311.83,28902.13
11/11/2020,29397.63,N/A,29524.35,29593.11,29281.22
11/10/2020,29420.92,N/A,29254.17,29478.86,29126.99
11/09/2020,29157.97,N/A,29467.90,29933.83,29130.66
11/06/2020,28323.40,N/A,28399.13,28431.96,28189.50
11/05/2020,28390.18,N/A,28083.37,28495.05,28083.37
11/04/2020,27847.66,N/A,27512.83,28301.50,27512.83
11/03/2020,27480.03,N/A,27138.69,27640.21,27138.69
11/02/2020,26925.05,N/A,26691.28,27043.48,26691.28
10/30/2020,26501.60,N/A,26572.27,26639.18,26143.77
10/29/2020,26659.11,N/A,26480.98,26891.89,26290.78
10/28/2020,26519.95,N/A,27102.14,27102.14,26497.39
10/27/2020,27463.19,N/A,27651.18,27707.69,27457.96
10/26/2020,27685.38,N/A,28185.82,28185.82,27370.16
10/23/2020,28335.57,N/A,28409.65,28436.52,28149.82
10/22/2020,28363.66,N/A,28197.42,28421.31,28040.18
10/21/2020,28210.82,N/A,28270.66,28450.64,28196.39
10/20/2020,28308.79,N/A,28245.85,28575.03,28243.04
10/19/2020,28195.42,N/A,28633.55,28711.93,28139.40
10/16/2020,28606.31,N/A,28570.72,28842.90,28570.72
10/15/2020,28494.20,N/A,28323.40,28535.85,28181.54
10/14/2020,28514.00,N/A,28731.30,28792.56,28461.73
10/13/2020,28679.81,N/A,28764.95,28808.84,28604.35
10/12/2020,28837.52,N/A,28671.12,28957.90,28659.67
10/09/2020,28586.90,N/A,28533.61,28676.29,28440.63
10/08/2020,28425.51,N/A,28348.86,28459.13,28265.56
10/07/2020,28303.46,N/A,27971.36,28369.66,27971.36
10/06/2020,27772.76,N/A,28214.24,28354.48,27728.03
10/05/2020,28148.64,N/A,27825.42,28162.64,27825.42
10/02/2020,27682.81,N/A,27536.39,27861.43,27382.94
10/01/2020,27816.90,N/A,27940.63,28041.46,27669.26
09/30/2020,27781.70,N/A,27514.64,28026.33,27511.06
09/29/2020,27452.66,N/A,27560.24,27605.60,27338.09
09/28/2020,27584.06,N/A,27362.14,27722.60,27362.14
09/25/2020,27173.96,N/A,26694.51,27239.29,26635.38
09/24/2020,26815.44,N/A,26716.09,27094.85,26537.01
09/23/2020,26763.13,N/A,27413.60,27464.46,26716.12
09/22/2020,27288.18,N/A,27170.34,27333.09,26989.93
09/21/2020,27147.70,N/A,27484.71,27484.71,26715.15
09/18/2020,27657.42,N/A,27864.87,27946.69,27487.97
09/17/2020,27901.98,N/A,27834.18,28056.79,27647.93
09/16/2020,28032.38,N/A,28031.69,28364.77,28021.67
09/15/2020,27995.60,N/A,28139.76,28231.06,27931.45
09/14/2020,27993.33,N/A,27718.74,28086.06,27718.74
09/11/2020,27665.64,N/A,27613.86,27828.82,27448.15
09/10/2020,27534.58,N/A,28022.51,28174.78,27447.08
09/09/2020,27940.47,N/A,27711.71,28206.21,27704.54
09/08/2020,27500.89,N/A,27925.23,27925.23,27464.90
09/04/2020,28133.31,N/A,28341.05,28539.75,27664.68
09/03/2020,28292.73,N/A,29090.70,29199.35,28074.76
09/02/2020,29100.50,N/A,28736.79,29162.88,28713.53
09/01/2020,28645.66,N/A,28439.61,28659.26,28290.72
08/31/2020,28430.05,N/A,28643.66,28643.66,28363.55
08/28/2020,28653.87,N/A,28601.29,28733.35,28487.98
08/27/2020,28492.27,N/A,28384.07,28634.22,28363.93
08/26/2020,28331.92,N/A,28257.88,28353.80,28153.91
08/25/2020,28248.44,N/A,28347.42,28400.74,28094.57
08/24/2020,28308.46,N/A,28077.58,28314.94,28041.75
08/21/2020,27930.33,N/A,27758.13,27959.48,27686.78
08/20/2020,27739.73,N/A,27622.68,27781.46,27526.25
08/19/2020,27692.88,N/A,27811.26,27920.42,27647.67
08/18/2020,27778.07,N/A,27853.48,27891.12,27668.79
08/17/2020,27844.91,N/A,27970.05,27999.81,27816.40
08/14/2020,27931.02,N/A,27828.93,27977.81,27759.39
08/13/2020,27896.72,N/A,27922.51,27986.10,27789.78
08/12/2020,27976.84,N/A,27860.24,28043.89,27843.32
08/11/2020,27686.91,N/A,27961.64,28154.88,27624.51
08/10/2020,27791.44,N/A,27488.21,27803.86,27488.21
08/07/2020,27433.48,N/A,27321.68,27456.24,27223.55
08/06/2020,27386.98,N/A,27170.82,27394.10,27145.25
08/05/2020,27201.52,N/A,26924.78,27221.67,26924.78
08/04/2020,26828.47,N/A,26664.61,26832.72,26597.82
08/03/2020,26664.40,N/A,26542.32,26707.26,26534.38
07/31/2020,26428.32,N/A,26409.33,26440.02,26013.59
07/30/2020,26313.65,N/A,26367.42,26374.93,25992.28
07/29/2020,26539.57,N/A,26388.44,26602.45,26375.39
07/28/2020,26379.28,N/A,26529.45,26556.84,26361.71
07/27/2020,26584.77,N/A,26447.67,26625.46,26426.92
07/24/2020,26469.89,N/A,26533.41,26625.70,26402.86
07/23/2020,26652.33,N/A,26955.97,26973.85,26560.04
07/22/2020,27005.84,N/A,26824.56,27035.24,26794.19
07/21/2020,26840.40,N/A,26833.14,27025.38,26766.22
07/20/2020,26680.87,N/A,26660.29,26765.02,26504.20
07/17/2020,26671.95,N/A,26774.62,26808.43,26619.88
07/16/2020,26734.71,N/A,26746.57,26879.16,26590.01
07/15/2020,26870.10,N/A,27009.81,27071.33,26692.48
07/14/2020,26642.59,N/A,26044.17,26690.52,25994.98
07/13/2020,26085.80,N/A,26225.07,26639.09,26044.23
07/10/2020,26075.30,N/A,25690.35,26101.32,25637.50
07/09/2020,25706.09,N/A,26094.92,26103.28,25523.51
07/08/2020,26067.28,N/A,25950.06,26109.49,25816.25
07/07/2020,25890.18,N/A,26172.01,26174.93,25866.58
07/06/2020,26287.03,N/A,25996.08,26297.53,25996.08
07/02/2020,25827.36,N/A,25936.45,26204.41,25778.12
07/01/2020,25734.97,N/A,25879.38,26019.31,25713.61
06/30/2020,25812.88,N/A,25512.43,25905.38,25475.14
06/29/2020,25595.80,N/A,25152.45,25601.15,25096.16
06/26/2020,25015.55,N/A,25641.69,25641.69,24971.03
06/25/2020,25745.60,N/A,25365.22,25769.61,25209.79
06/24/2020,25445.94,N/A,25992.96,25992.96,25296.73
06/23/2020,26156.10,N/A,26159.39,26314.97,26105.97
06/22/2020,26024.96,N/A,25865.08,26059.81,25667.68
