Date,Close/Last,Open,High,Low
06/18/2025,2112.96,2101.36,2127.67,2100.44
06/17/2025,2101.96,2113.86,2120.38,2101.59
06/16/2025,2124.13,2115.07,2134.71,2115.07
06/13/2025,2100.51,2120.23,2125.08,2095.64
06/12/2025,2140.09,2142.28,2142.88,2131.07
06/11/2025,2148.23,2163.54,2170.49,2146.91
06/10/2025,2156.41,2150.74,2164.47,2150.74
06/09/2025,2144.45,2144.16,2154.39,2139.05
06/06/2025,2132.25,2115.20,2132.35,2115.20
06/05/2025,2097.35,2099.56,2110.08,2086.79
06/04/2025,2098.48,2103.28,2110.22,2096.73
06/03/2025,2102.98,2074.03,2107.39,2070.86
06/02/2025,2070.16,2066.50,2070.54,2043.60
05/30/2025,2066.29,2067.33,2074.74,2051.12
05/29/2025,2074.78,2077.67,2081.52,2061.02
05/28/2025,2067.80,2089.91,2092.39,2066.44
05/27/2025,2090.40,2059.18,2090.56,2058.20
05/23/2025,2039.85,2014.11,2044.89,2011.20
05/22/2025,2045.56,2042.03,2057.01,2032.40
05/21/2025,2046.56,2084.11,2087.07,2043.18
05/20/2025,2105.58,2101.38,2111.19,2095.55
05/19/2025,2104.43,2082.20,2104.54,2081.48
05/16/2025,2113.25,2096.02,2114.95,2094.35
05/15/2025,2094.69,2077.40,2094.97,2069.34
05/14/2025,2083.80,2096.46,2099.34,2082.81
05/13/2025,2102.35,2101.55,2109.95,2095.24
05/12/2025,2092.20,2086.81,2104.71,2076.91
05/09/2025,2023.07,2031.13,2037.30,2016.29
05/08/2025,2026.41,2009.73,2040.46,2000.12
05/07/2025,1989.66,1993.73,1998.79,1977.61
05/06/2025,1983.19,1984.70,1998.32,1976.86
05/05/2025,2004.26,2003.98,2020.09,2000.29
05/02/2025,2020.74,1997.73,2026.53,1997.73
05/01/2025,1975.86,1974.78,1990.70,1960.49
04/30/2025,1964.12,1950.07,1969.40,1925.35
04/29/2025,1976.52,1957.94,1982.84,1948.16
04/28/2025,1965.55,1960.39,1973.94,1942.02
04/25/2025,1957.62,1944.73,1957.62,1934.38
04/24/2025,1957.59,1922.46,1958.71,1919.05
04/23/2025,1919.14,1938.31,1967.92,1914.62
04/22/2025,1890.28,1863.94,1892.92,1860.80
04/21/2025,1840.32,1862.71,1863.21,1823.38
04/17/2025,1880.62,1863.50,1887.64,1861.30
04/16/2025,1863.48,1872.76,1879.90,1842.15
04/15/2025,1882.92,1879.68,1902.32,1874.99
04/14/2025,1880.88,1890.66,1892.88,1848.53
04/11/2025,1860.20,1827.66,1860.85,1802.23
04/10/2025,1831.39,1864.77,1864.77,1788.98
04/09/2025,1913.16,1743.19,1930.60,1732.99
04/08/2025,1760.71,1850.91,1868.99,1738.82
04/07/2025,1810.14,1775.12,1891.16,1733.16
04/04/2025,1827.03,1866.00,1866.00,1783.06
04/03/2025,1910.55,1981.67,1981.67,1909.70
04/02/2025,2045.36,1998.33,2048.15,1986.33
04/01/2025,2012.24,2007.59,2027.00,1985.66
03/31/2025,2011.91,1997.97,2021.95,1973.08
03/28/2025,2023.27,2063.31,2063.31,2013.00
03/27/2025,2065.70,2072.48,2079.30,2057.60
03/26/2025,2073.83,2097.18,2103.71,2066.30
03/25/2025,2095.38,2108.25,2110.08,2090.04
03/24/2025,2109.38,2075.48,2110.54,2075.48
03/21/2025,2056.98,2057.79,2060.77,2040.14
03/20/2025,2068.63,2068.60,2089.98,2060.49
03/19/2025,2082.08,2051.28,2092.03,2051.28
03/18/2025,2049.94,2060.97,2060.97,2043.87
03/17/2025,2068.33,2041.52,2073.92,2039.96
03/14/2025,2044.10,2008.53,2044.51,2008.53
03/13/2025,1993.69,2026.08,2031.16,1984.92
03/12/2025,2026.47,2037.91,2050.21,2012.57
03/11/2025,2023.59,2022.52,2043.49,2001.19
03/10/2025,2019.07,2058.09,2058.09,2003.42
03/07/2025,2075.48,2065.50,2084.40,2033.69
03/06/2025,2066.55,2081.57,2093.39,2055.42
03/05/2025,2100.75,2080.49,2102.95,2066.15
03/04/2025,2079.53,2083.70,2112.10,2048.01
03/03/2025,2102.23,2168.02,2173.57,2092.17
02/28/2025,2163.07,2135.59,2163.23,2126.08
02/27/2025,2139.66,2175.13,2177.79,2139.41
02/26/2025,2174.17,2175.44,2199.92,2166.86
02/25/2025,2170.08,2180.47,2184.76,2154.35
02/24/2025,2178.27,2200.71,2202.06,2169.54
02/21/2025,2195.35,2275.96,2282.63,2194.11
02/20/2025,2261.74,2280.30,2280.30,2250.11
02/19/2025,2282.46,2278.29,2288.75,2273.63
02/18/2025,2290.35,2281.56,2294.59,2277.17
02/14/2025,2279.98,2287.85,2297.71,2276.63
02/13/2025,2282.18,2264.83,2282.42,2259.07
02/12/2025,2255.89,2250.71,2262.57,2240.51
02/11/2025,2275.70,2278.16,2282.21,2270.89
02/10/2025,2287.94,2289.38,2294.71,2281.65
02/07/2025,2279.71,2308.19,2311.51,2277.63
02/06/2025,2307.12,2323.30,2326.95,2295.68
02/05/2025,2316.23,2297.74,2316.23,2293.38
02/04/2025,2290.20,2257.19,2291.38,2257.11
02/03/2025,2258.42,2244.82,2271.21,2229.51
01/31/2025,2287.69,2307.70,2322.29,2278.78
01/30/2025,2307.45,2299.82,2320.53,2293.71
01/29/2025,2283.10,2286.57,2300.87,2269.11
01/28/2025,2288.86,2287.11,2294.67,2275.08
01/27/2025,2284.02,2290.15,2311.79,2273.67
01/24/2025,2307.74,2312.38,2322.27,2303.15
01/23/2025,2314.60,2296.11,2314.72,2289.27
01/22/2025,2303.72,2316.14,2318.63,2301.90
01/21/2025,2317.97,2286.40,2318.81,2286.40
01/17/2025,2275.88,2281.66,2289.97,2269.22
01/16/2025,2266.79,2261.97,2273.04,2252.89
01/15/2025,2263.29,2256.56,2278.17,2252.74
01/14/2025,2219.24,2206.16,2221.33,2194.85
01/13/2025,2194.40,2176.49,2194.69,2158.63
01/10/2025,2189.23,2215.23,2215.23,2176.03
01/08/2025,2238.96,2236.12,2241.89,2211.71
01/07/2025,2249.80,2271.31,2286.18,2236.55
01/06/2025,2266.65,2275.71,2292.30,2264.42
01/03/2025,2268.47,2237.73,2269.05,2237.73
01/02/2025,2231.67,2241.82,2261.75,2219.92
12/31/2024,2230.16,2237.93,2250.40,2224.53
12/30/2024,2227.78,2230.83,2237.92,2202.67
12/27/2024,2244.59,2268.97,2273.80,2227.17
12/26/2024,2280.19,2248.80,2281.83,2243.80
12/24/2024,2259.85,2240.25,2259.85,2233.31
12/23/2024,2237.44,2239.09,2241.91,2219.42
12/20/2024,2242.37,2201.71,2264.48,2194.90
12/19/2024,2221.50,2251.09,2265.35,2217.15
12/18/2024,2231.51,2342.28,2349.98,2215.74
12/17/2024,2334.08,2350.79,2354.56,2329.26
12/16/2024,2361.99,2344.87,2370.43,2339.74
12/13/2024,2346.90,2357.80,2361.84,2336.28
12/12/2024,2361.08,2387.38,2391.86,2360.59
12/11/2024,2394.16,2399.05,2407.74,2386.37
12/10/2024,2382.77,2392.43,2402.66,2378.61
12/09/2024,2392.84,2418.83,2428.16,2392.70
12/06/2024,2408.99,2408.09,2414.18,2401.77
12/05/2024,2396.17,2425.04,2425.81,2395.16
12/04/2024,2426.56,2419.10,2430.03,2412.74
12/03/2024,2416.35,2433.91,2435.31,2412.85
12/02/2024,2434.14,2437.21,2442.61,2420.71
11/29/2024,2434.73,2433.00,2445.64,2433.00
11/27/2024,2426.19,2430.13,2449.86,2424.51
11/26/2024,2424.31,2439.02,2439.02,2415.92
11/25/2024,2442.03,2419.08,2466.49,2419.08
11/22/2024,2406.67,2366.44,2409.22,2366.44
11/21/2024,2364.02,2331.46,2372.25,2331.46
11/20/2024,2325.53,2323.31,2325.88,2303.79
11/19/2024,2324.83,2295.78,2325.06,2284.20
11/18/2024,2306.34,2306.52,2322.07,2301.87
11/15/2024,2303.84,2339.96,2346.45,2297.52
11/14/2024,2336.94,2374.14,2379.59,2333.27
11/13/2024,2369.37,2401.85,2414.55,2368.47
11/12/2024,2391.85,2428.14,2432.40,2387.81
11/11/2024,2434.98,2411.70,2441.72,2411.70
11/08/2024,2399.64,2384.08,2401.91,2376.42
11/07/2024,2382.69,2391.26,2402.36,2378.17
11/06/2024,2392.92,2300.98,2393.85,2300.98
11/05/2024,2260.84,2216.62,2260.92,2212.27
11/04/2024,2219.03,2206.56,2233.19,2200.30
11/01/2024,2210.13,2202.18,2227.35,2202.18
10/31/2024,2196.65,2231.37,2232.16,2196.65
10/30/2024,2233.04,2232.66,2260.48,2229.79
10/29/2024,2238.09,2236.51,2238.09,2221.75
10/28/2024,2244.07,2217.67,2247.38,2217.67
10/25/2024,2207.99,2225.77,2236.69,2207.24
10/24/2024,2218.92,2216.99,2227.00,2206.35
10/23/2024,2213.84,2224.65,2226.41,2195.47
10/22/2024,2231.53,2235.77,2235.77,2225.06
10/21/2024,2239.71,2275.33,2275.60,2238.30
10/18/2024,2276.09,2283.76,2287.15,2275.49
10/17/2024,2280.85,2287.41,2288.64,2272.01
10/16/2024,2286.68,2260.14,2289.49,2260.14
10/15/2024,2249.82,2246.52,2272.16,2243.71
10/14/2024,2248.64,2233.70,2250.23,2228.25
10/11/2024,2234.41,2188.63,2234.96,2188.63
10/10/2024,2188.42,2186.56,2188.42,2170.61
10/09/2024,2200.59,2194.24,2213.14,2190.46
10/08/2024,2194.98,2194.05,2201.91,2188.24
10/07/2024,2193.09,2206.09,2206.09,2181.24
10/04/2024,2212.80,2211.14,2214.86,2196.12
10/03/2024,2180.15,2181.75,2189.39,2173.30
10/02/2024,2195.00,2189.28,2204.51,2184.74
10/01/2024,2197.03,2223.12,2223.57,2186.86
09/30/2024,2229.97,2216.43,2234.13,2209.88
09/27/2024,2224.70,2229.95,2243.65,2218.79
09/26/2024,2209.87,2223.23,2227.89,2206.33
09/25/2024,2197.45,2223.89,2224.09,2196.89
09/24/2024,2223.99,2228.75,2230.38,2212.88
09/23/2024,2220.28,2230.98,2238.41,2215.26
09/20/2024,2227.89,2249.13,2249.13,2227.19
09/19/2024,2252.71,2233.28,2258.78,2233.28
09/18/2024,2206.34,2206.51,2259.25,2197.85
09/17/2024,2205.48,2199.17,2229.00,2199.17
09/16/2024,2189.17,2186.13,2192.12,2178.40
09/13/2024,2182.49,2143.28,2183.54,2143.28
09/12/2024,2129.43,2109.09,2138.50,2102.36
09/11/2024,2103.85,2090.86,2105.36,2058.68
09/10/2024,2097.44,2099.88,2101.85,2072.89
09/09/2024,2097.78,2093.09,2115.08,2093.09
09/06/2024,2091.41,2133.16,2139.66,2087.95
09/05/2024,2132.05,2146.54,2150.69,2126.20
09/04/2024,2145.22,2144.59,2166.04,2138.82
09/03/2024,2149.21,2206.41,2206.41,2145.47
08/30/2024,2217.63,2208.70,2218.05,2192.41
08/29/2024,2202.98,2199.11,2223.01,2192.43
08/28/2024,2188.64,2198.05,2202.98,2180.16
08/27/2024,2203.00,2210.88,2210.88,2195.07
08/26/2024,2217.92,2230.21,2237.69,2216.94
08/23/2024,2218.70,2159.98,2222.75,2159.98
08/22/2024,2150.03,2170.73,2174.88,2147.87
08/21/2024,2170.56,2146.61,2171.27,2146.61
08/20/2024,2142.19,2164.56,2165.35,2138.15
08/19/2024,2167.50,2143.98,2167.51,2143.98
08/16/2024,2141.92,2131.17,2149.84,2130.71
08/15/2024,2135.47,2117.56,2145.26,2117.56
08/14/2024,2084.32,2103.84,2104.71,2077.27
08/13/2024,2095.19,2073.77,2098.70,2068.96
08/12/2024,2062.08,2083.05,2085.03,2058.12
08/09/2024,2080.92,2085.50,2086.76,2068.92
08/08/2024,2084.42,2056.90,2084.89,2054.57
08/07/2024,2035.11,2088.11,2094.80,2033.96
08/06/2024,2064.30,2045.20,2087.04,2035.52
08/05/2024,2039.16,2021.86,2061.74,1993.27
08/02/2024,2109.31,2127.25,2127.25,2090.84
08/01/2024,2186.16,2253.50,2262.73,2171.05
07/31/2024,2254.48,2253.57,2300.00,2242.77
07/30/2024,2243.14,2242.44,2255.86,2231.02
07/29/2024,2235.33,2265.61,2269.16,2228.17
07/26/2024,2260.07,2247.82,2267.91,2238.67
07/25/2024,2222.98,2201.67,2255.71,2199.62
07/24/2024,2195.37,2232.84,2246.85,2195.37
07/23/2024,2243.27,2210.65,2253.93,2208.41
07/22/2024,2220.65,2191.23,2223.09,2176.48
07/19/2024,2184.35,2189.23,2194.20,2179.95
07/18/2024,2198.29,2233.97,2261.16,2189.63
07/17/2024,2239.67,2246.44,2278.13,2236.25
07/16/2024,2263.67,2198.43,2265.21,2198.43
07/15/2024,2187.02,2162.00,2198.49,2160.50
07/12/2024,2148.27,2139.23,2163.60,2139.23
07/11/2024,2125.04,2081.70,2128.55,2081.70
07/10/2024,2051.75,2037.08,2051.75,2032.18
07/09/2024,2029.47,2035.76,2039.97,2023.92
07/08/2024,2038.67,2038.38,2050.16,2036.55
07/05/2024,2026.73,2031.88,2032.51,2019.06
07/03/2024,2036.62,2038.41,2039.09,2035.56
07/02/2024,2033.87,2031.07,2037.21,2027.78
07/01/2024,2030.07,2050.60,2053.35,2024.41
06/28/2024,2047.69,2050.56,2057.28,2033.70
06/27/2024,2038.34,2020.95,2038.47,2020.25
06/26/2024,2018.12,2014.18,2020.39,2010.36
06/25/2024,2022.35,2029.66,2029.66,2017.65
06/24/2024,2030.81,2023.23,2043.10,2023.23
06/21/2024,2022.03,2016.35,2022.26,2006.85
06/20/2024,2017.39,2021.91,2033.28,2012.51
06/18/2024,2025.23,2022.09,2033.55,2020.82
06/17/2024,2022.01,2002.57,2024.91,1993.23
06/14/2024,2006.16,2020.19,2020.19,1999.02
06/13/2024,2038.91,2053.53,2053.57,2025.64
06/12/2024,2057.10,2065.79,2088.53,2052.17
06/11/2024,2024.35,2019.12,2027.53,2006.07
06/10/2024,2031.61,2012.22,2033.65,2008.30
06/07/2024,2026.55,2035.12,2043.46,2023.14
06/06/2024,2049.44,2058.48,2060.45,2046.53
06/05/2024,2063.87,2044.15,2063.87,2036.34
06/04/2024,2033.94,2050.39,2050.39,2032.14
06/03/2024,2059.68,2082.40,2088.15,2048.06
05/31/2024,2070.13,2061.23,2073.67,2047.40
05/30/2024,2056.60,2043.73,2063.19,2043.73
05/29/2024,2036.19,2050.46,2050.46,2036.13
05/28/2024,2066.85,2075.72,2086.28,2057.69
05/24/2024,2069.67,2061.00,2070.23,2056.35
05/23/2024,2048.41,2089.52,2090.39,2040.68
05/22/2024,2081.71,2093.73,2096.89,2075.78
05/21/2024,2098.36,2097.47,2101.60,2094.02
05/20/2024,2102.50,2096.49,2109.70,2095.00
05/17/2024,2095.72,2103.67,2104.13,2090.44
05/16/2024,2096.25,2107.09,2107.36,2095.82
05/15/2024,2109.46,2105.42,2112.32,2095.43
05/14/2024,2085.69,2078.74,2088.36,2076.03
05/13/2024,2062.12,2072.14,2081.45,2062.12
05/10/2024,2059.78,2079.95,2082.04,2054.87
05/09/2024,2073.63,2056.98,2075.37,2053.05
05/08/2024,2055.13,2050.78,2055.64,2043.85
05/07/2024,2064.65,2062.16,2077.81,2062.16
05/06/2024,2060.67,2048.51,2064.29,2048.51
05/03/2024,2035.72,2044.22,2054.85,2030.82
05/02/2024,2016.11,1998.32,2016.50,1984.68
05/01/2024,1980.23,1973.37,2017.70,1968.03
04/30/2024,1973.91,2001.71,2003.41,1973.85
04/29/2024,2016.03,2005.10,2020.63,2005.10
04/26/2024,2002.00,1984.53,2005.01,1984.42
04/25/2024,1981.12,1980.53,1984.49,1957.82
04/24/2024,1995.43,2000.45,2006.13,1983.62
04/23/2024,2002.64,1969.74,2010.48,1969.64
04/22/2024,1967.47,1953.24,1978.43,1947.85
04/19/2024,1947.66,1935.77,1956.30,1931.54
04/18/2024,1942.96,1951.24,1971.39,1941.32
04/17/2024,1947.95,1977.29,1982.84,1947.75
04/16/2024,1967.48,1965.85,1976.21,1953.01
04/15/2024,1975.71,2010.91,2016.66,1968.11
04/12/2024,2003.17,2031.08,2032.94,1994.83
04/11/2024,2042.60,2036.23,2045.04,2021.50
04/10/2024,2028.39,2043.22,2044.27,2016.55
04/09/2024,2080.80,2079.35,2084.06,2065.13
04/08/2024,2073.71,2074.69,2079.03,2066.12
04/05/2024,2063.47,2051.88,2073.32,2048.25
04/04/2024,2053.83,2089.07,2101.47,2051.32
04/03/2024,2076.20,2056.69,2080.40,2052.10
04/02/2024,2065.04,2087.42,2087.42,2054.34
04/01/2024,2102.84,2125.91,2126.06,2100.14
03/28/2024,2124.55,2115.77,2135.46,2115.77
03/27/2024,2114.35,2079.70,2114.65,2079.70
03/26/2024,2070.16,2083.44,2093.52,2070.00
03/25/2024,2074.16,2075.06,2088.48,2074.16
03/22/2024,2072.00,2098.03,2099.11,2071.79
03/21/2024,2098.56,2087.85,2106.31,2087.85
03/20/2024,2074.88,2030.38,2081.33,2028.56
03/19/2024,2035.71,2012.03,2039.83,2009.81
03/18/2024,2024.74,2042.12,2044.07,2024.57
03/15/2024,2039.32,2020.63,2041.88,2018.95
03/14/2024,2031.18,2064.28,2064.28,2017.28
03/13/2024,2071.71,2062.75,2080.19,2062.35
03/12/2024,2065.48,2066.15,2072.95,2052.93
03/11/2024,2065.88,2075.74,2079.97,2063.78
03/08/2024,2082.71,2099.60,2115.95,2075.90
03/07/2024,2084.74,2079.32,2090.79,2079.32
03/06/2024,2068.09,2069.81,2075.65,2059.86
03/05/2024,2053.71,2060.73,2072.30,2048.13
03/04/2024,2074.31,2087.63,2091.80,2071.99
03/01/2024,2076.39,2058.48,2077.97,2052.43
02/29/2024,2054.84,2060.73,2072.97,2044.80
02/28/2024,2040.31,2043.04,2053.52,2038.63
02/27/2024,2056.11,2046.57,2058.06,2045.37
02/26/2024,2028.97,2012.93,2031.96,2011.86
02/23/2024,2016.69,2011.45,2026.43,2004.64
02/22/2024,2013.84,2003.51,2016.83,1998.80
02/21/2024,1994.74,1993.44,1997.60,1982.44
02/20/2024,2004.14,2008.78,2011.53,1998.09
02/16/2024,2032.74,2049.88,2052.98,2032.16
02/15/2024,2061.48,2027.53,2062.80,2027.06
02/14/2024,2012.10,1992.13,2014.06,1983.10
02/13/2024,1964.17,1987.26,1992.98,1950.47
02/12/2024,2045.26,2014.69,2052.00,2014.69
02/09/2024,2009.99,1984.11,2010.77,1984.11
02/08/2024,1979.70,1949.76,1980.15,1948.64
02/07/2024,1950.36,1954.36,1958.07,1939.97
02/06/2024,1953.63,1936.77,1954.04,1932.08
02/05/2024,1937.24,1951.77,1951.77,1921.36
02/02/2024,1962.73,1950.78,1971.51,1944.60
02/01/2024,1974.42,1959.58,1974.42,1936.23
01/31/2024,1947.34,1989.32,2003.15,1946.89
01/30/2024,1996.24,2002.36,2005.22,1990.82
01/29/2024,2011.42,1978.14,2011.65,1972.78
01/26/2024,1978.33,1986.67,1993.44,1974.63
01/25/2024,1975.88,1987.25,1989.21,1963.89
01/24/2024,1961.86,2000.18,2000.18,1960.48
01/23/2024,1976.27,2000.59,2001.14,1969.94
01/22/2024,1983.38,1960.94,1984.12,1960.94
01/19/2024,1944.39,1934.09,1944.39,1914.47
01/18/2024,1923.65,1924.01,1926.05,1901.65
01/17/2024,1913.17,1899.18,1914.21,1898.24
01/16/2024,1927.30,1934.64,1939.81,1921.81
01/12/2024,1950.96,1977.88,1983.81,1947.50
01/11/2024,1955.46,1963.11,1964.23,1934.32
01/10/2024,1970.26,1965.47,1971.25,1953.00
01/09/2024,1968.04,1964.72,1975.23,1957.41
01/08/2024,1989.01,1948.90,1989.01,1944.86
01/05/2024,1951.14,1943.50,1967.99,1941.77
01/04/2024,1957.73,1964.35,1970.54,1956.70
01/03/2024,1959.20,1995.17,1995.17,1958.03
01/02/2024,2012.80,2012.75,2032.49,2003.41
12/29/2023,2027.07,2054.23,2056.62,2027.07
12/28/2023,2058.34,2058.18,2068.85,2053.64
12/27/2023,2066.21,2063.59,2071.78,2056.37
12/26/2023,2059.19,2043.14,2064.64,2039.35
12/22/2023,2033.96,2028.22,2042.47,2025.75
12/21/2023,2017.06,2005.82,2017.18,1997.45
12/20/2023,1982.84,2016.87,2039.81,1982.56
12/19/2023,2020.95,1996.33,2024.25,1995.24
12/18/2023,1982.42,1991.61,1996.51,1980.75
12/15/2023,1985.13,2005.15,2009.08,1975.13
12/14/2023,2000.51,1966.88,2008.66,1966.88
12/13/2023,1947.51,1882.14,1948.05,1870.34
12/12/2023,1881.27,1883.18,1887.95,1871.01
12/11/2023,1883.68,1879.66,1885.42,1873.58
12/08/2023,1880.82,1866.77,1887.81,1863.66
12/07/2023,1868.25,1854.53,1868.25,1848.78
12/06/2023,1852.05,1864.23,1888.72,1851.96
12/05/2023,1856.04,1876.60,1876.60,1855.05
12/04/2023,1882.02,1857.17,1882.09,1854.38
12/01/2023,1862.64,1806.13,1863.66,1800.81
11/30/2023,1809.02,1808.62,1816.53,1805.22
11/29/2023,1803.81,1804.23,1827.06,1801.91
11/28/2023,1792.81,1799.71,1804.11,1789.20
11/27/2023,1801.15,1801.03,1804.50,1790.95
11/24/2023,1807.50,1794.99,1810.26,1789.88
11/22/2023,1795.54,1792.51,1803.12,1789.88
11/21/2023,1783.26,1799.33,1799.33,1783.26
11/20/2023,1807.08,1798.56,1809.21,1794.71
11/17/2023,1797.77,1784.86,1798.44,1784.86
11/16/2023,1773.76,1797.00,1797.00,1767.42
11/15/2023,1801.22,1798.20,1830.00,1797.59
11/14/2023,1798.32,1741.74,1798.32,1741.74
11/13/2023,1705.50,1698.74,1709.57,1690.92
11/10/2023,1705.32,1692.77,1709.24,1684.20
11/09/2023,1687.24,1720.70,1724.83,1685.27
11/08/2023,1714.07,1732.96,1733.11,1709.24
11/07/2023,1733.15,1733.73,1739.26,1723.55
11/06/2023,1737.94,1760.18,1760.86,1731.68
11/03/2023,1760.70,1733.61,1770.58,1733.61
11/02/2023,1714.21,1684.45,1714.61,1684.45
11/01/2023,1669.70,1661.41,1669.79,1649.06
10/31/2023,1662.28,1648.60,1663.50,1644.99
10/30/2023,1647.29,1646.36,1657.32,1635.41
10/27/2023,1636.94,1660.74,1661.19,1633.67
10/26/2023,1657.00,1656.61,1670.09,1648.83
10/25/2023,1651.43,1666.84,1668.17,1649.85
10/24/2023,1679.50,1677.74,1690.41,1671.27
10/23/2023,1665.88,1671.76,1687.74,1662.64
10/20/2023,1680.79,1705.55,1706.02,1680.09
10/19/2023,1702.70,1725.70,1734.58,1700.24
10/18/2023,1728.81,1752.92,1752.92,1727.24
10/17/2023,1766.05,1735.75,1779.85,1735.71
10/16/2023,1747.06,1734.13,1749.21,1728.18
10/13/2023,1719.71,1738.09,1740.57,1715.32
10/12/2023,1734.25,1774.34,1774.92,1725.44
10/11/2023,1773.30,1777.57,1786.64,1761.81
10/10/2023,1775.95,1759.52,1785.89,1759.52
10/09/2023,1755.99,1738.39,1761.02,1735.73
10/06/2023,1745.56,1723.71,1754.25,1713.92
10/05/2023,1731.51,1724.69,1734.31,1717.34
10/04/2023,1729.01,1727.09,1731.23,1709.59
10/03/2023,1727.15,1749.19,1749.19,1721.48
10/02/2023,1756.82,1780.86,1782.02,1749.43
09/29/2023,1785.10,1805.47,1809.69,1781.05
09/28/2023,1794.31,1778.03,1802.61,1777.89
09/27/2023,1778.90,1771.16,1786.60,1765.64
09/26/2023,1761.61,1774.64,1786.05,1761.61
09/25/2023,1784.24,1768.67,1788.03,1766.54
09/22/2023,1776.50,1787.52,1791.14,1776.50
09/21/2023,1781.83,1795.22,1795.80,1781.82
09/20/2023,1810.10,1834.44,1843.50,1810.08
09/19/2023,1826.53,1834.39,1840.56,1823.05
09/18/2023,1834.30,1847.71,1847.71,1834.30
09/15/2023,1847.03,1861.56,1861.68,1840.00
09/14/2023,1866.63,1855.30,1868.17,1854.37
09/13/2023,1840.84,1855.25,1857.00,1837.56
09/12/2023,1855.32,1851.57,1864.33,1851.29
09/11/2023,1855.14,1863.11,1866.55,1853.88
09/08/2023,1851.54,1856.05,1857.86,1848.59
09/07/2023,1855.76,1871.62,1871.62,1848.72
09/06/2023,1874.28,1880.74,1890.83,1864.46
09/05/2023,1880.45,1916.28,1916.28,1880.45
09/01/2023,1920.83,1908.17,1926.81,1908.17
08/31/2023,1899.68,1904.36,1913.20,1898.95
08/30/2023,1903.21,1893.47,1908.89,1889.28
08/29/2023,1895.54,1868.67,1896.66,1864.15
08/28/2023,1869.01,1859.33,1877.45,1859.33
08/25/2023,1853.63,1850.61,1861.85,1831.95
08/24/2023,1846.28,1868.32,1871.86,1845.98
08/23/2023,1870.03,1851.86,1873.48,1849.83
08/22/2023,1850.84,1860.00,1866.19,1847.27
08/21/2023,1856.01,1860.13,1863.71,1846.30
08/18/2023,1859.42,1841.01,1864.68,1830.84
08/17/2023,1850.06,1874.16,1877.83,1850.06
08/16/2023,1871.52,1893.98,1901.43,1871.52
08/15/2023,1895.75,1913.63,1913.63,1895.75
08/14/2023,1920.49,1919.95,1920.90,1903.52
08/11/2023,1925.11,1918.20,1929.38,1914.10
08/10/2023,1922.62,1933.98,1953.14,1916.61
08/09/2023,1930.77,1946.66,1946.66,1925.13
08/08/2023,1947.42,1945.10,1947.63,1924.23
08/07/2023,1958.94,1959.12,1961.49,1944.81
08/04/2023,1957.46,1961.77,1977.49,1955.14
08/03/2023,1961.40,1962.40,1970.54,1948.70
08/02/2023,1966.83,1981.28,1981.28,1957.13
08/01/2023,1994.17,1996.89,1996.89,1976.79
07/31/2023,2003.18,1984.80,2003.62,1984.80
07/28/2023,1981.54,1964.97,1983.84,1964.97
07/27/2023,1954.90,1988.62,1994.82,1949.09
07/26/2023,1980.36,1964.57,1984.78,1962.49
07/25/2023,1966.11,1963.62,1976.93,1961.42
07/24/2023,1965.68,1961.04,1973.32,1958.33
07/21/2023,1960.26,1976.94,1981.64,1958.74
07/20/2023,1967.16,1984.52,1984.52,1960.17
07/19/2023,1984.89,1981.78,1990.25,1977.25
07/18/2023,1976.07,1952.11,1977.58,1952.11
07/17/2023,1951.27,1929.42,1958.05,1926.64
07/14/2023,1931.09,1949.86,1949.86,1920.34
07/13/2023,1950.89,1937.90,1952.54,1936.51
07/12/2023,1933.38,1931.83,1944.23,1931.28
07/11/2023,1913.36,1899.26,1915.18,1895.88
07/10/2023,1895.25,1862.21,1895.57,1860.42
07/07/2023,1864.66,1843.16,1878.90,1843.16
07/06/2023,1842.23,1867.13,1867.13,1823.91
07/05/2023,1872.91,1891.96,1891.96,1872.91
07/03/2023,1896.78,1887.03,1898.60,1885.63
06/30/2023,1888.73,1889.20,1898.40,1887.55
06/29/2023,1881.59,1860.26,1883.77,1860.26
06/28/2023,1858.71,1847.60,1859.00,1842.30
06/27/2023,1849.93,1825.76,1855.11,1819.80
06/26/2023,1823.26,1821.34,1841.06,1819.80
06/23/2023,1821.63,1835.43,1838.16,1818.81
06/22/2023,1848.18,1860.03,1860.03,1843.92
06/21/2023,1863.01,1862.39,1873.96,1855.08
06/20/2023,1866.70,1871.49,1871.49,1856.20
06/16/2023,1875.47,1900.12,1906.83,1868.65
06/15/2023,1889.28,1870.17,1890.09,1866.26
06/14/2023,1874.10,1898.74,1904.92,1864.08
06/13/2023,1896.33,1878.09,1903.00,1878.09
06/12/2023,1873.21,1866.77,1880.45,1863.10
06/09/2023,1865.71,1881.27,1881.74,1862.50
06/08/2023,1880.78,1886.03,1886.03,1867.91
06/07/2023,1888.45,1861.20,1893.56,1861.20
06/06/2023,1855.40,1804.67,1859.39,1801.59
06/05/2023,1806.71,1825.77,1825.77,1797.27
06/02/2023,1830.91,1782.34,1831.71,1782.34
06/01/2023,1767.94,1750.86,1773.01,1744.37
05/31/2023,1749.65,1761.33,1765.41,1736.82
05/30/2023,1767.29,1776.61,1784.71,1761.35
05/26/2023,1773.02,1755.36,1774.69,1755.29
05/25/2023,1754.60,1767.10,1767.10,1741.24
05/24/2023,1767.00,1787.71,1787.71,1761.20
05/23/2023,1787.71,1792.33,1816.40,1787.52
05/22/2023,1795.38,1777.64,1801.39,1776.96
05/19/2023,1773.72,1795.99,1800.52,1769.02
05/18/2023,1784.86,1770.82,1787.36,1766.29
05/17/2023,1774.50,1744.11,1776.90,1737.39
05/16/2023,1736.18,1755.16,1755.16,1736.16
05/15/2023,1761.55,1744.66,1768.75,1744.21
05/12/2023,1740.85,1748.14,1753.23,1731.34
05/11/2023,1744.71,1748.89,1749.44,1736.84
05/10/2023,1759.51,1769.58,1772.93,1743.63
05/09/2023,1749.68,1747.44,1756.09,1737.70
05/08/2023,1754.47,1766.42,1768.21,1748.32
05/05/2023,1759.88,1742.52,1763.78,1742.52
05/04/2023,1718.81,1727.24,1728.39,1704.82
05/03/2023,1739.28,1735.69,1767.70,1735.69
05/02/2023,1732.11,1761.15,1761.15,1716.22
05/01/2023,1769.21,1765.45,1785.20,1764.32
04/28/2023,1768.99,1749.85,1773.02,1746.84
04/27/2023,1751.22,1733.40,1752.00,1726.77
04/26/2023,1730.41,1741.29,1747.28,1725.82
04/25/2023,1745.95,1779.33,1779.33,1745.91
04/24/2023,1788.87,1790.25,1797.61,1781.67
04/21/2023,1791.51,1790.56,1793.31,1777.40
04/20/2023,1789.70,1790.69,1797.47,1782.35
04/19/2023,1799.44,1789.99,1802.79,1782.72
04/18/2023,1795.55,1807.24,1809.59,1787.00
04/17/2023,1802.84,1784.38,1802.84,1784.12
04/14/2023,1781.15,1798.15,1805.02,1770.56
04/13/2023,1796.68,1778.47,1800.64,1778.47
04/12/2023,1773.70,1793.66,1803.19,1772.39
04/11/2023,1786.59,1776.90,1794.45,1776.90
04/10/2023,1772.44,1749.31,1773.23,1745.46
04/06/2023,1754.46,1753.11,1758.43,1744.50
04/05/2023,1752.13,1764.22,1764.22,1742.78
04/04/2023,1769.65,1804.48,1806.70,1760.99
04/03/2023,1802.31,1804.02,1812.37,1783.47
03/31/2023,1802.48,1775.05,1802.70,1775.05
03/30/2023,1768.38,1778.68,1787.64,1762.34
03/29/2023,1771.60,1763.13,1771.71,1759.05
03/28/2023,1752.63,1749.63,1759.47,1745.13
03/27/2023,1753.67,1747.93,1762.65,1742.06
03/24/2023,1734.92,1711.45,1735.76,1695.23
03/23/2023,1720.29,1733.50,1758.91,1706.34
03/22/2023,1727.36,1776.51,1779.72,1726.61
03/21/2023,1777.74,1761.87,1788.37,1761.87
03/20/2023,1744.99,1733.51,1761.74,1733.51
03/17/2023,1725.89,1765.16,1765.16,1720.92
03/16/2023,1771.24,1733.50,1781.10,1717.59
03/15/2023,1745.94,1763.72,1763.72,1716.67
03/14/2023,1776.89,1770.65,1802.12,1760.08
03/13/2023,1744.30,1755.04,1773.53,1722.85
03/10/2023,1772.70,1821.68,1821.68,1756.82
03/09/2023,1826.59,1879.22,1883.02,1826.29
03/08/2023,1879.48,1880.27,1886.54,1866.07
03/07/2023,1878.72,1899.24,1902.11,1875.79
03/06/2023,1899.76,1928.08,1928.70,1892.46
03/03/2023,1928.26,1906.46,1931.71,1901.98
03/02/2023,1902.66,1888.43,1905.35,1877.58
03/01/2023,1898.43,1896.14,1904.44,1888.73
02/28/2023,1896.99,1896.70,1913.18,1896.44
02/27/2023,1896.27,1902.00,1914.60,1891.89
02/24/2023,1890.49,1891.38,1891.62,1875.81
02/23/2023,1908.09,1902.72,1915.31,1884.31
02/22/2023,1894.67,1890.83,1904.48,1885.11
02/21/2023,1888.21,1937.05,1937.05,1888.21
02/17/2023,1946.36,1943.64,1947.85,1928.39
02/16/2023,1942.21,1946.05,1962.46,1933.14
02/15/2023,1960.97,1929.73,1960.97,1924.91
02/14/2023,1939.91,1933.90,1951.98,1920.50
02/13/2023,1941.14,1919.89,1942.70,1913.60
02/10/2023,1918.81,1910.66,1920.85,1903.72
02/09/2023,1915.34,1954.88,1963.85,1912.24
02/08/2023,1942.60,1964.89,1968.92,1940.29
02/07/2023,1972.61,1952.65,1975.83,1936.33
02/06/2023,1957.72,1976.09,1976.09,1952.19
02/03/2023,1985.53,1989.12,2005.55,1976.06
02/02/2023,2001.22,1968.03,2007.31,1968.03
02/01/2023,1960.81,1929.47,1976.87,1921.52
01/31/2023,1931.94,1888.83,1931.94,1888.83
01/30/2023,1885.72,1903.10,1909.34,1885.43
01/27/2023,1911.46,1899.82,1918.59,1896.24
01/26/2023,1903.06,1899.88,1909.42,1882.71
01/25/2023,1890.32,1873.62,1890.73,1858.99
01/24/2023,1885.61,1887.81,1892.71,1878.33
01/23/2023,1890.77,1868.96,1896.20,1867.49
01/20/2023,1867.34,1847.68,1867.34,1836.63
01/19/2023,1836.35,1846.35,1903.87,1825.58
01/18/2023,1854.36,1890.09,1903.87,1854.32
01/17/2023,1884.29,1886.64,1892.42,1880.74
01/13/2023,1887.03,1867.50,1889.15,1861.74
01/12/2023,1876.06,1850.25,1876.06,1839.09
01/11/2023,1844.05,1827.12,1844.16,1826.52
01/10/2023,1822.65,1794.29,1822.65,1793.19
01/09/2023,1795.91,1801.07,1817.09,1794.54
01/06/2023,1792.80,1764.33,1795.56,1758.50
01/05/2023,1753.19,1766.08,1781.97,1745.38
01/04/2023,1772.54,1758.09,1781.97,1758.09
01/03/2023,1750.73,1769.75,1785.95,1737.26
12/30/2022,1761.25,1759.26,1763.93,1747.23
12/29/2022,1766.25,1727.33,1767.91,1727.33
12/28/2022,1722.02,1749.93,1753.93,1722.02
12/27/2022,1749.52,1761.38,1761.65,1745.44
12/23/2022,1760.93,1753.20,1761.24,1743.74
12/22/2022,1754.09,1766.67,1766.67,1726.81
12/21/2022,1776.94,1757.69,1784.11,1757.69
12/20/2022,1748.02,1735.47,1755.08,1733.21
12/19/2022,1738.58,1763.94,1765.54,1733.82
12/16/2022,1763.42,1759.55,1765.64,1746.25
12/15/2022,1774.61,1806.74,1806.74,1770.56
12/14/2022,1820.45,1831.23,1845.77,1812.30
12/13/2022,1832.36,1851.83,1880.76,1823.00
12/12/2022,1818.61,1798.79,1820.50,1793.11
12/09/2022,1796.66,1812.15,1815.81,1796.66
12/08/2022,1818.29,1815.71,1833.75,1808.85
12/07/2022,1806.90,1809.17,1822.70,1805.66
12/06/2022,1812.58,1839.53,1839.53,1802.95
12/05/2022,1840.22,1886.01,1886.01,1834.42
12/02/2022,1892.84,1863.94,1898.45,1856.48
12/01/2022,1881.68,1891.98,1898.27,1876.93
11/30/2022,1886.58,1839.13,1886.58,1821.47
11/29/2022,1836.55,1832.52,1846.07,1832.52
11/28/2022,1830.96,1857.18,1857.52,1827.08
11/25/2022,1869.19,1862.92,1873.59,1861.00
11/23/2022,1863.52,1857.59,1868.92,1851.68
11/22/2022,1860.44,1843.87,1861.08,1840.04
11/21/2022,1839.14,1842.96,1842.96,1828.99
11/18/2022,1849.73,1861.73,1869.34,1840.88
11/17/2022,1839.12,1837.27,1839.84,1820.71
11/16/2022,1853.17,1879.74,1879.74,1850.72
11/15/2022,1889.20,1885.97,1905.84,1878.08
11/14/2022,1861.25,1875.65,1889.41,1861.25
11/11/2022,1882.74,1872.92,1899.96,1872.92
11/10/2022,1867.93,1811.28,1868.28,1811.28
11/09/2022,1760.40,1796.36,1796.85,1757.45
11/08/2022,1808.93,1815.52,1831.20,1790.88
11/07/2022,1809.81,1808.08,1814.76,1793.99
11/04/2022,1799.87,1800.81,1809.64,1771.11
11/03/2022,1779.73,1768.46,1791.81,1758.05
11/02/2022,1789.14,1845.08,1861.57,1789.13
11/01/2022,1851.39,1864.95,1868.75,1845.93
10/31/2022,1846.86,1839.17,1854.57,1833.59
10/28/2022,1846.92,1811.62,1848.25,1804.82
10/27/2022,1806.32,1815.52,1832.09,1804.70
10/26/2022,1804.33,1801.99,1836.06,1801.29
10/25/2022,1796.16,1749.61,1801.20,1749.61
10/24/2022,1748.40,1747.68,1751.44,1727.20
10/21/2022,1742.24,1709.61,1744.90,1700.63
10/20/2022,1704.39,1726.55,1746.29,1699.98
10/19/2022,1725.76,1746.97,1746.97,1710.21
10/18/2022,1755.96,1756.36,1782.07,1744.00
10/17/2022,1735.75,1701.16,1738.70,1701.16
10/14/2022,1682.40,1741.32,1747.84,1681.50
10/13/2022,1728.41,1653.95,1734.27,1641.94
10/12/2022,1687.76,1692.96,1696.79,1671.88
10/11/2022,1692.92,1687.60,1713.74,1664.91
10/10/2022,1691.92,1706.16,1706.83,1681.98
10/07/2022,1702.15,1734.65,1734.92,1694.96
10/06/2022,1752.51,1756.42,1772.25,1747.03
10/05/2022,1762.69,1748.79,1767.82,1732.09
10/04/2022,1775.77,1735.82,1775.77,1735.82
10/03/2022,1708.87,1687.28,1717.29,1671.62
09/30/2022,1664.72,1672.89,1707.75,1664.27
09/29/2022,1674.93,1710.82,1710.82,1656.41
09/28/2022,1715.24,1668.79,1725.28,1668.79
09/27/2022,1662.51,1669.17,1689.53,1650.71
09/26/2022,1655.88,1674.34,1701.24,1653.43
09/23/2022,1679.59,1707.61,1707.61,1658.66
09/22/2022,1722.31,1760.15,1760.31,1716.21
09/21/2022,1762.16,1796.20,1813.66,1761.97
09/20/2022,1787.50,1801.49,1801.49,1776.31
09/19/2022,1812.84,1785.72,1813.94,1777.27
09/16/2022,1798.19,1813.86,1813.86,1778.77
09/15/2022,1825.23,1830.97,1853.03,1818.41
09/14/2022,1838.46,1832.69,1840.59,1817.52
09/13/2022,1831.57,1879.54,1879.54,1825.42
09/12/2022,1906.09,1889.80,1906.09,1889.80
09/09/2022,1882.85,1857.14,1884.90,1857.14
09/08/2022,1846.91,1823.49,1846.91,1810.51
09/07/2022,1832.00,1789.56,1832.57,1787.43
09/06/2022,1792.32,1813.18,1815.15,1786.68
09/02/2022,1809.75,1844.17,1846.98,1802.14
09/01/2022,1822.82,1826.75,1826.75,1799.17
08/31/2022,1844.12,1859.18,1865.28,1843.08
08/30/2022,1855.59,1889.16,1889.35,1847.54
08/29/2022,1882.94,1880.63,1898.67,1879.13
08/26/2022,1899.83,1965.23,1965.31,1898.51
08/25/2022,1964.64,1944.38,1964.64,1943.20
08/24/2022,1935.29,1918.65,1941.15,1916.58
08/23/2022,1919.14,1920.13,1937.97,1917.32
08/22/2022,1915.74,1931.71,1933.69,1911.69
08/19/2022,1957.35,1992.30,1992.30,1952.50
08/18/2022,2000.73,1987.82,2003.01,1982.59
08/17/2022,1987.31,2008.88,2008.88,1976.14
08/16/2022,2020.53,2018.74,2030.05,2003.78
08/15/2022,2021.35,2007.41,2022.03,1994.68
08/12/2022,2016.62,1978.79,2016.62,1978.67
08/11/2022,1975.26,1981.93,2005.21,1972.63
08/10/2022,1969.25,1935.77,1970.95,1935.77
08/09/2022,1912.89,1937.25,1937.25,1904.97
08/08/2022,1941.21,1928.41,1959.13,1928.41
08/05/2022,1921.82,1887.54,1922.55,1884.18
08/04/2022,1906.46,1908.52,1911.57,1899.46
08/03/2022,1908.93,1895.38,1912.77,1891.05
08/02/2022,1882.45,1875.50,1900.73,1875.05
08/01/2022,1883.31,1885.23,1892.97,1859.88
07/29/2022,1885.23,1874.17,1888.22,1865.76
07/28/2022,1873.03,1854.18,1873.74,1832.77
07/27/2022,1848.34,1814.28,1852.86,1814.14
07/26/2022,1805.25,1812.50,1812.50,1800.29
07/25/2022,1817.77,1810.95,1819.10,1798.82
07/22/2022,1806.88,1839.36,1842.20,1795.29
07/21/2022,1836.69,1819.77,1836.69,1804.98
07/20/2022,1827.95,1797.94,1829.91,1797.94
07/19/2022,1799.32,1754.73,1800.01,1754.73
07/18/2022,1738.42,1758.90,1772.80,1734.22
07/15/2022,1744.37,1724.10,1744.37,1708.90
07/14/2022,1707.51,1712.29,1712.29,1684.85
07/13/2022,1726.04,1715.47,1732.60,1700.94
07/12/2022,1728.18,1728.52,1743.17,1719.24
07/11/2022,1732.01,1765.60,1765.60,1729.65
07/08/2022,1769.36,1767.58,1780.13,1752.94
07/07/2022,1769.60,1736.01,1772.30,1736.01
07/06/2022,1727.55,1738.69,1747.93,1712.16
07/05/2022,1741.33,1714.86,1741.34,1681.58
07/01/2022,1727.76,1705.07,1728.91,1690.91
06/30/2022,1707.99,1706.48,1722.09,1680.40
06/29/2022,1719.37,1737.83,1737.83,1703.80
06/28/2022,1738.84,1778.62,1792.58,1738.81
06/27/2022,1771.74,1772.89,1781.46,1758.31
06/24/2022,1765.74,1720.04,1765.74,1720.04
06/23/2022,1711.67,1693.27,1714.04,1680.55
06/22/2022,1690.28,1678.51,1703.38,1665.54
06/21/2022,1694.03,1681.10,1711.74,1681.10
06/17/2022,1665.69,1657.01,1684.55,1652.02
06/16/2022,1649.84,1707.85,1707.85,1641.47
06/15/2022,1731.14,1718.15,1751.50,1704.42
06/14/2022,1707.83,1717.33,1723.19,1692.32
06/13/2022,1714.59,1770.50,1770.50,1708.26
06/10/2022,1800.28,1833.15,1833.15,1792.60
06/09/2022,1850.86,1884.96,1884.96,1850.67
06/08/2022,1891.01,1913.97,1916.08,1883.26
06/07/2022,1919.56,1879.77,1919.73,1870.94
06/06/2022,1889.89,1893.45,1903.51,1881.73
06/03/2022,1883.05,1886.61,1889.45,1872.23
06/02/2022,1897.67,1855.35,1897.67,1854.51
06/01/2022,1854.82,1871.46,1877.49,1830.20
05/31/2022,1864.04,1882.00,1883.19,1856.56
05/27/2022,1887.90,1845.24,1887.90,1845.24
05/26/2022,1838.24,1808.64,1847.83,1808.64
05/25/2022,1799.16,1760.42,1807.43,1759.20
05/24/2022,1764.83,1780.20,1780.20,1736.11
05/23/2022,1792.76,1786.43,1799.27,1769.12
05/20/2022,1773.27,1784.08,1797.44,1730.88
05/19/2022,1776.22,1769.84,1797.23,1759.66
05/18/2022,1774.85,1834.15,1834.15,1765.25
05/17/2022,1840.30,1796.36,1840.30,1796.36
05/16/2022,1783.43,1790.61,1802.63,1778.67
05/13/2022,1792.67,1748.24,1804.38,1748.24
05/12/2022,1739.38,1714.06,1752.55,1701.15
05/11/2022,1718.14,1763.02,1791.85,1715.77
05/10/2022,1761.79,1771.46,1794.64,1727.38
05/09/2022,1762.08,1833.48,1833.48,1754.21
05/06/2022,1839.56,1867.73,1867.73,1821.10
05/05/2022,1871.15,1935.64,1935.64,1849.45
05/04/2022,1949.92,1904.09,1952.75,1875.36
05/03/2022,1898.86,1882.58,1907.30,1875.98
05/02/2022,1882.91,1863.66,1888.84,1839.25
04/29/2022,1864.10,1914.36,1928.32,1860.58
04/28/2022,1917.94,1891.92,1927.48,1864.42
04/27/2022,1884.04,1891.11,1909.11,1879.65
04/26/2022,1890.47,1940.08,1940.08,1890.47
04/25/2022,1954.20,1933.24,1954.40,1908.82
04/22/2022,1940.66,1986.66,1986.66,1939.34
04/21/2022,1991.46,2046.71,2060.08,1986.91
04/20/2022,2038.19,2032.39,2052.08,2032.39
04/19/2022,2038.19,2032.39,2052.08,2032.39
04/18/2022,1990.13,2003.27,2003.27,1981.69
04/14/2022,2004.98,2025.17,2034.22,2004.97
04/13/2022,2025.10,1987.33,2028.79,1987.33
04/12/2022,1986.94,1983.13,2027.55,1980.96
04/11/2022,1980.32,1993.53,2004.68,1976.59
04/08/2022,1994.56,2009.06,2017.08,1993.04
04/07/2022,2009.80,2016.88,2024.00,1984.15
04/06/2022,2016.94,2044.81,2044.81,2005.05
04/05/2022,2046.04,2095.00,2103.36,2043.08
04/04/2022,2095.44,2091.53,2096.92,2076.50
04/01/2022,2091.11,2071.22,2091.73,2068.05
03/31/2022,2070.13,2090.91,2100.74,2069.22
03/30/2022,2091.07,2132.83,2132.83,2084.37
03/29/2022,2133.10,2079.31,2138.45,2079.31
03/28/2022,2078.06,2078.30,2078.30,2049.54
03/25/2022,2077.98,2075.89,2081.32,2064.20
03/24/2022,2075.44,2054.10,2075.49,2047.26
03/23/2022,2052.21,2086.70,2086.70,2051.45
03/22/2022,2088.34,2066.92,2097.61,2066.92
03/21/2022,2065.94,2085.82,2093.38,2054.78
03/18/2022,2086.14,2064.69,2087.55,2059.69
03/17/2022,2065.02,2029.88,2065.02,2019.21
03/16/2022,2030.72,1970.11,2031.80,1970.11
03/15/2022,1968.97,1942.08,1983.43,1932.71
03/14/2022,1941.72,1979.79,1983.43,1932.71
03/11/2022,1979.67,2012.44,2027.39,1979.07
03/10/2022,2011.67,2013.62,2013.62,1982.11
03/09/2022,2016.29,1964.45,2022.55,1964.45
03/08/2022,1963.01,1951.59,2004.48,1951.59
03/07/2022,1951.33,2001.03,2007.46,1951.21
03/04/2022,2000.90,2031.16,2031.16,1985.51
03/03/2022,2032.41,2059.15,2067.28,2019.98
03/02/2022,2058.87,2009.01,2065.71,2009.01
03/01/2022,2008.51,2047.24,2050.65,1995.42
02/28/2022,2048.09,2040.31,2059.44,2020.51
02/25/2022,2040.93,1995.84,2040.93,1988.01
02/24/2022,1996.01,1942.30,1996.84,1894.45
02/23/2022,1944.09,1980.99,2001.55,1942.27
02/22/2022,1980.17,2008.68,2016.43,1970.63
02/18/2022,2009.33,2028.00,2038.13,2004.73
02/17/2022,2028.09,2078.50,2078.50,2025.12
02/16/2022,2079.31,2075.63,2084.98,2060.32
02/15/2022,2076.46,2022.22,2078.33,2022.22
02/14/2022,2020.79,2030.18,2048.26,2011.37
02/11/2022,2030.15,2051.26,2074.06,2016.41
02/10/2022,2051.16,2082.51,2105.21,2039.62
02/09/2022,2083.50,2046.76,2083.50,2046.76
02/08/2022,2045.37,2012.46,2047.82,2011.37
02/07/2022,2012.60,2002.38,2027.91,2000.40
02/04/2022,2002.36,1990.92,2016.38,1968.61
02/03/2022,1991.03,2027.73,2027.73,1988.41
02/02/2022,2029.52,2051.64,2054.72,2013.59
02/01/2022,2050.74,2028.78,2052.85,2003.38
01/31/2022,2028.45,1968.09,2028.45,1960.11
01/28/2022,1968.51,1931.14,1968.51,1901.36
01/27/2022,1931.29,1978.08,2007.23,1925.45
01/26/2022,1976.46,2006.04,2048.35,1958.34
01/25/2022,2004.03,2030.82,2030.84,1966.10
01/24/2022,2033.51,1986.45,2038.66,1931.44
01/21/2022,1987.92,2022.55,2043.51,1987.91
01/20/2022,2024.04,2063.86,2104.59,2022.20
01/19/2022,2062.78,2097.56,2109.23,2062.18
01/18/2022,2096.23,2160.35,2160.35,2094.93
01/14/2022,2162.46,2157.99,2162.46,2126.12
01/13/2022,2159.44,2177.06,2196.74,2154.46
01/12/2022,2176.06,2194.94,2210.28,2169.42
01/11/2022,2194.00,2171.17,2196.65,2154.81
01/10/2022,2171.15,2179.07,2179.81,2133.13
01/07/2022,2179.81,2206.14,2220.13,2179.81
01/06/2022,2206.37,2194.48,2220.59,2179.29
01/05/2022,2194.00,2268.92,2275.32,2193.72
01/04/2022,2268.87,2273.18,2288.30,2255.71
01/03/2022,2272.56,2246.71,2284.14,2246.71
12/31/2021,2245.31,2245.93,2258.11,2244.85
12/30/2021,2248.79,2249.35,2271.82,2247.47
12/29/2021,2249.24,2246.35,2252.79,2236.65
12/28/2021,2246.51,2261.04,2274.54,2245.57
12/27/2021,2261.46,2242.48,2261.89,2230.33
12/23/2021,2241.58,2222.25,2247.63,2222.25
12/22/2021,2221.90,2202.43,2222.51,2195.42
12/21/2021,2202.95,2141.41,2203.02,2141.41
12/20/2021,2139.87,2170.97,2170.97,2107.68
12/17/2021,2173.93,2152.51,2186.36,2124.74
12/16/2021,2152.46,2196.82,2216.09,2144.70
12/15/2021,2195.21,2159.88,2199.86,2130.91
12/14/2021,2159.65,2178.92,2189.71,2153.21
12/13/2021,2180.50,2211.59,2211.59,2169.01
12/10/2021,2211.81,2221.43,2240.38,2200.10
12/09/2021,2220.21,2270.27,2270.27,2220.18
12/08/2021,2271.71,2254.31,2276.75,2248.24
12/07/2021,2253.79,2206.77,2271.71,2206.77
12/06/2021,2203.48,2160.16,2218.27,2154.62
12/03/2021,2159.31,2207.06,2216.18,2143.12
12/02/2021,2206.33,2147.62,2211.66,2147.62
12/01/2021,2147.42,2203.12,2253.37,2147.40
11/30/2021,2198.91,2241.05,2241.05,2175.68
11/29/2021,2241.98,2248.90,2281.28,2232.09
11/26/2021,2245.94,2328.98,2328.98,2215.24
11/24/2021,2331.46,2326.70,2334.37,2303.94
11/23/2021,2327.86,2331.25,2342.63,2303.37
11/22/2021,2331.35,2343.67,2369.63,2331.35
11/19/2021,2343.16,2362.44,2362.44,2341.57
11/18/2021,2363.59,2377.60,2385.99,2348.52
11/17/2021,2377.01,2404.21,2404.21,2369.11
11/16/2021,2405.02,2397.77,2408.34,2386.51
11/15/2021,2400.93,2412.04,2421.07,2392.89
11/12/2021,2411.78,2409.46,2417.20,2405.83
11/11/2021,2409.14,2390.50,2418.83,2390.50
11/10/2021,2389.58,2426.44,2428.97,2380.76
11/09/2021,2427.29,2442.22,2442.22,2414.43
11/08/2021,2442.74,2438.36,2458.86,2438.06
11/05/2021,2437.08,2403.13,2449.14,2403.13
11/04/2021,2402.43,2404.68,2423.83,2395.50
11/03/2021,2404.28,2361.82,2413.39,2355.18
11/02/2021,2361.86,2358.25,2363.55,2345.40
11/01/2021,2358.12,2298.08,2358.64,2298.08
10/29/2021,2297.19,2296.74,2302.35,2287.86
10/28/2021,2297.98,2253.90,2298.76,2253.90
10/27/2021,2252.49,2295.45,2295.45,2252.49
10/26/2021,2296.08,2313.35,2321.47,2296.07
10/25/2021,2312.64,2291.80,2314.84,2291.80
10/22/2021,2291.27,2295.67,2299.73,2277.04
10/21/2021,2296.18,2290.41,2304.00,2284.97
10/20/2021,2289.77,2276.02,2294.92,2271.84
10/19/2021,2275.91,2269.25,2284.67,2265.70
10/18/2021,2267.84,2265.06,2272.35,2255.41
10/15/2021,2265.65,2276.74,2306.27,2265.65
10/14/2021,2274.18,2243.95,2275.51,2243.95
10/13/2021,2241.97,2235.02,2241.97,2220.24
10/12/2021,2234.27,2221.55,2241.40,2221.55
10/11/2021,2220.64,2233.00,2251.65,2220.64
10/08/2021,2233.09,2250.32,2256.56,2233.09
10/07/2021,2250.09,2217.58,2265.22,2217.58
10/06/2021,2214.96,2226.05,2226.05,2188.69
10/05/2021,2228.36,2218.47,2245.03,2218.47
10/04/2021,2217.47,2240.85,2240.85,2210.61
10/01/2021,2241.63,2205.91,2252.04,2197.15
09/30/2021,2204.37,2226.74,2239.54,2204.37
09/29/2021,2225.31,2230.61,2239.75,2221.72
09/28/2021,2229.78,2279.51,2279.51,2227.58
09/27/2021,2281.00,2247.96,2293.35,2247.96
09/24/2021,2248.07,2257.95,2259.93,2239.17
09/23/2021,2259.04,2220.06,2265.81,2220.06
09/22/2021,2218.56,2188.10,2234.17,2188.10
09/21/2021,2186.18,2183.72,2201.71,2172.83
09/20/2021,2182.20,2233.10,2233.10,2155.34
09/17/2021,2236.87,2233.55,2240.73,2220.39
09/16/2021,2232.91,2234.31,2242.84,2217.35
09/15/2021,2234.45,2210.46,2236.96,2207.42
09/14/2021,2209.98,2241.78,2249.94,2204.14
09/13/2021,2240.78,2228.49,2244.72,2217.12
09/10/2021,2227.55,2250.63,2264.11,2227.54
09/09/2021,2249.13,2249.53,2273.18,2244.13
09/08/2021,2249.73,2275.00,2275.00,2241.43
09/07/2021,2275.61,2292.17,2300.59,2275.57
09/03/2021,2292.05,2303.75,2303.75,2286.70
09/02/2021,2304.02,2288.03,2309.97,2288.03
09/01/2021,2287.06,2274.21,2293.05,2264.59
08/31/2021,2273.77,2266.28,2277.19,2260.43
08/30/2021,2265.99,2278.45,2286.36,2264.30
08/27/2021,2277.15,2213.79,2281.84,2213.79
08/26/2021,2213.98,2239.20,2244.44,2212.21
08/25/2021,2239.27,2230.73,2252.14,2226.64
08/24/2021,2230.91,2208.80,2232.00,2208.80
08/23/2021,2208.30,2169.11,2211.12,2169.11
08/20/2021,2167.60,2131.80,2169.65,2127.32
08/19/2021,2132.42,2157.04,2157.04,2122.24
08/18/2021,2158.78,2177.13,2192.16,2157.97
08/17/2021,2177.17,2201.65,2201.65,2152.49
08/16/2021,2203.41,2222.03,2222.03,2192.28
08/13/2021,2223.11,2244.20,2244.20,2221.31
08/12/2021,2244.07,2250.19,2250.63,2232.71
08/11/2021,2250.34,2240.11,2250.37,2221.68
08/10/2021,2239.36,2236.09,2245.03,2230.03
08/09/2021,2234.81,2247.43,2247.43,2231.48
08/06/2021,2247.76,2237.09,2258.32,2235.58
08/05/2021,2236.01,2198.16,2236.19,2198.16
08/04/2021,2196.32,2220.67,2223.10,2195.37
08/03/2021,2223.58,2216.25,2223.60,2189.76
08/02/2021,2215.50,2228.03,2256.44,2212.45
07/30/2021,2226.25,2238.90,2251.37,2219.95
07/29/2021,2240.03,2224.96,2256.97,2224.96
07/28/2021,2224.96,2193.16,2237.04,2190.66
07/27/2021,2191.83,2215.64,2215.64,2171.37
07/26/2021,2216.92,2210.11,2232.22,2207.54
07/23/2021,2209.65,2201.03,2212.31,2186.51
07/22/2021,2199.48,2233.78,2233.78,2192.98
07/21/2021,2234.04,2195.75,2236.94,2195.75
07/20/2021,2194.30,2131.79,2206.63,2107.07
07/19/2021,2130.68,2159.71,2159.71,2107.07
07/16/2021,2163.24,2191.87,2210.50,2160.53
07/15/2021,2190.29,2201.27,2202.75,2166.33
07/14/2021,2202.36,2240.25,2254.81,2201.23
07/13/2021,2238.86,2280.49,2280.49,2238.37
07/12/2021,2281.83,2279.63,2283.46,2262.26
07/09/2021,2280.00,2234.83,2280.01,2234.83
07/08/2021,2231.68,2249.94,2252.72,2192.98
07/07/2021,2252.85,2274.53,2278.10,2235.50
07/06/2021,2274.50,2305.96,2306.91,2256.97
07/02/2021,2305.76,2328.53,2332.95,2302.94
07/01/2021,2329.36,2312.57,2332.28,2312.57
06/30/2021,2310.55,2307.95,2317.30,2295.43
06/29/2021,2308.84,2323.07,2332.28,2305.92
06/28/2021,2322.34,2335.34,2342.19,2307.22
06/25/2021,2334.40,2336.86,2350.22,2334.40
06/24/2021,2333.62,2305.41,2333.66,2305.41
06/23/2021,2303.47,2296.40,2314.30,2296.40
06/22/2021,2295.95,2285.46,2298.36,2266.16
06/21/2021,2286.09,2238.62,2289.76,2238.62
06/18/2021,2237.75,2284.96,2284.96,2229.58
06/17/2021,2287.46,2314.20,2316.60,2264.12
06/16/2021,2314.69,2319.09,2321.91,2296.21
06/15/2021,2320.07,2326.76,2327.87,2301.78
06/14/2021,2326.15,2337.45,2348.64,2320.17
06/11/2021,2335.81,2312.60,2335.81,2312.60
06/10/2021,2311.41,2327.98,2337.76,2305.71
06/09/2021,2327.13,2344.82,2350.70,2325.56
06/08/2021,2343.76,2319.57,2348.35,2316.17
06/07/2021,2319.18,2286.93,2321.64,2286.93
06/04/2021,2286.41,2281.07,2293.68,2277.44
06/03/2021,2279.25,2296.57,2296.57,2257.00
06/02/2021,2297.83,2295.66,2302.22,2285.05
06/01/2021,2294.74,2270.38,2298.72,2270.38
05/28/2021,2278.97,2273.82,2285.07,2210.21
05/27/2021,2273.07,2250.73,2273.07,2207.35
05/26/2021,2249.27,2205.75,2249.27,2205.75
05/25/2021,2205.75,2229.24,2241.62,2205.75
05/24/2021,2227.34,2223.05,2236.87,2210.21
05/21/2021,2215.27,2223.05,2236.87,2210.21
05/20/2021,2207.76,2194.69,2210.92,2184.41
05/19/2021,2193.64,2205.77,2205.77,2159.14
05/18/2021,2210.88,2227.92,2244.43,2210.43
05/17/2021,2227.12,2222.86,2227.46,2197.10
05/14/2021,2224.63,2171.13,2226.39,2171.13
05/13/2021,2170.95,2135.23,2185.24,2133.97
05/12/2021,2135.14,2205.02,2205.02,2132.25
05/11/2021,2206.99,2206.48,2215.69,2157.14
05/10/2021,2212.70,2271.09,2271.24,2212.59
05/07/2021,2271.63,2242.10,2271.81,2240.41
05/06/2021,2241.42,2240.21,2242.03,2205.59
05/05/2021,2241.37,2250.13,2260.00,2232.86
05/04/2021,2248.29,2275.10,2275.10,2225.70
05/03/2021,2277.45,2268.62,2288.57,2267.78
04/30/2021,2266.45,2292.49,2292.49,2259.30
04/29/2021,2295.46,2307.07,2322.91,2278.42
04/28/2021,2304.16,2301.10,2309.82,2291.28
04/27/2021,2301.27,2298.83,2309.80,2294.41
04/26/2021,2298.01,2275.34,2302.38,2275.34
04/23/2021,2271.86,2233.72,2281.22,2233.72
04/22/2021,2232.61,2240.87,2268.53,2227.49
04/21/2021,2239.63,2187.48,2240.46,2175.43
04/20/2021,2188.21,2231.13,2231.13,2171.68
04/19/2021,2232.00,2261.11,2261.11,2219.05
04/16/2021,2262.67,2258.29,2273.15,2251.73
04/15/2021,2257.07,2249.42,2264.16,2240.75
04/14/2021,2247.72,2244.70,2272.85,2230.16
04/13/2021,2228.92,2233.99,2237.38,2208.20
04/12/2021,2233.78,2244.33,2244.33,2222.21
04/09/2021,2243.47,2241.97,2245.99,2231.03
04/08/2021,2242.60,2225.19,2243.00,2213.84
04/07/2021,2223.05,2259.15,2259.15,2217.78
04/06/2021,2259.15,2264.74,2280.37,2257.55
04/05/2021,2264.89,2280.80,2280.83,2253.94
04/01/2021,2253.90,2225.29,2253.90,2225.29
03/31/2021,2220.52,2200.03,2237.68,2200.03
03/30/2021,2195.80,2158.59,2202.62,2151.55
03/29/2021,2158.68,2219.31,2223.19,2158.44
03/26/2021,2221.48,2190.88,2222.19,2177.90
03/25/2021,2183.12,2133.15,2190.89,2100.27
03/24/2021,2134.27,2192.95,2221.98,2134.12
03/23/2021,2185.69,2264.14,2264.14,2175.78
03/22/2021,2266.84,2287.93,2294.04,2258.70
03/19/2021,2287.55,2267.65,2298.04,2247.57
03/18/2021,2267.59,2335.83,2340.55,2262.07
03/17/2021,2336.39,2315.14,2339.28,2289.84
03/16/2021,2319.52,2360.13,2360.13,2304.97
03/15/2021,2360.17,2352.79,2360.17,2337.13
03/12/2021,2352.79,2337.23,2354.20,2325.65
03/11/2021,2338.54,2287.94,2338.55,2287.94
03/10/2021,2285.68,2246.96,2299.46,2246.96
03/09/2021,2245.06,2204.80,2261.64,2204.80
03/08/2021,2202.98,2192.65,2233.34,2192.48
03/05/2021,2192.21,2149.43,2193.27,2085.12
03/04/2021,2146.92,2207.74,2217.05,2110.14
03/03/2021,2207.79,2232.50,2252.56,2207.62
03/02/2021,2231.51,2275.12,2275.12,2231.11
03/01/2021,2275.32,2203.03,2279.54,2203.03
02/26/2021,2201.05,2201.30,2232.29,2165.86
02/25/2021,2200.17,2283.85,2289.07,2196.52
02/24/2021,2284.38,2232.41,2286.49,2232.41
02/23/2021,2231.31,2248.42,2248.42,2169.08
02/22/2021,2251.07,2265.87,2276.33,2247.70
02/19/2021,2266.69,2218.82,2275.87,2218.82
02/18/2021,2218.39,2253.03,2253.03,2208.49
02/17/2021,2256.11,2271.96,2271.96,2226.98
02/16/2021,2272.89,2290.57,2310.09,2266.27
02/12/2021,2289.36,2284.66,2293.73,2264.38
02/11/2021,2285.32,2283.27,2303.63,2255.57
02/10/2021,2282.44,2300.68,2318.09,2266.66
02/09/2021,2299.00,2289.64,2309.43,2281.93
02/08/2021,2289.76,2234.35,2289.76,2234.35
02/05/2021,2233.33,2202.94,2233.33,2202.94
02/04/2021,2202.42,2160.77,2202.42,2160.77
02/03/2021,2159.70,2151.46,2163.36,2135.78
02/02/2021,2151.44,2127.31,2154.54,2126.45
02/01/2021,2126.16,2075.01,2130.69,2075.01
01/29/2021,2073.64,2106.78,2124.62,2066.59
01/28/2021,2106.61,2111.29,2138.20,2094.78
01/27/2021,2108.70,2146.66,2146.66,2088.01
01/26/2021,2149.86,2165.46,2183.01,2146.34
01/25/2021,2163.27,2168.72,2194.86,2135.22
01/22/2021,2168.76,2140.48,2168.80,2118.77
01/21/2021,2141.42,2161.30,2167.03,2138.03
01/20/2021,2160.62,2152.30,2173.73,2149.99
01/19/2021,2151.14,2125.51,2152.35,2125.51
01/15/2021,2123.20,2154.69,2154.69,2102.53
01/14/2021,2155.35,2113.62,2164.32,2113.62
01/13/2021,2111.97,2128.17,2131.42,2109.72
01/12/2021,2127.96,2091.79,2128.39,2091.79
01/11/2021,2091.01,2088.80,2095.40,2061.64
01/08/2021,2091.66,2098.45,2113.88,2064.61
01/07/2021,2096.89,2059.33,2099.26,2059.33
01/06/2021,2057.92,1980.29,2079.72,1980.29
01/05/2021,1979.11,1945.79,1988.76,1943.69
01/04/2021,1945.91,1975.78,1990.70,1927.15
12/31/2020,1974.86,1979.93,1981.41,1963.26
12/30/2020,1979.99,1961.72,1987.78,1961.72
12/29/2020,1959.36,1996.73,2001.70,1950.82
12/28/2020,1996.25,2013.49,2026.24,1996.25
12/24/2020,2003.95,2013.18,2013.97,1997.18
12/23/2020,2007.10,1991.10,2011.84,1991.10
12/22/2020,1989.88,1971.18,1992.50,1971.18
12/21/2020,1970.33,1967.93,1970.67,1934.66
12/18/2020,1969.99,1978.89,1992.72,1965.67
12/17/2020,1978.05,1953.76,1978.05,1953.76
12/16/2020,1952.72,1961.26,1966.11,1947.05
12/15/2020,1959.76,1915.90,1960.81,1915.90
12/14/2020,1913.86,1914.15,1944.12,1913.86
12/11/2020,1911.70,1921.27,1926.73,1896.02
12/10/2020,1922.70,1901.34,1924.12,1887.69
12/09/2020,1902.15,1919.16,1935.27,1889.33
12/08/2020,1917.78,1890.57,1918.01,1881.70
12/07/2020,1891.25,1892.72,1897.44,1886.78
12/04/2020,1892.45,1849.98,1892.45,1849.98
12/03/2020,1848.70,1838.52,1860.35,1838.52
12/02/2020,1838.03,1833.08,1842.53,1817.02
12/01/2020,1836.05,1822.92,1848.02,1822.92
11/30/2020,1819.82,1854.87,1855.27,1813.56
11/27/2020,1855.27,1846.26,1855.27,1845.50
11/25/2020,1845.02,1852.62,1852.62,1831.95
11/24/2020,1853.53,1819.52,1862.17,1819.52
11/23/2020,1818.30,1787.24,1827.60,1787.24
11/20/2020,1785.34,1782.15,1787.39,1771.13
11/19/2020,1784.13,1769.25,1784.64,1764.20
11/18/2020,1769.32,1792.76,1805.20,1769.32
11/17/2020,1791.91,1783.08,1795.89,1755.34
11/16/2020,1785.34,1747.02,1785.34,1747.02
11/13/2020,1744.04,1710.05,1749.36,1710.05
11/12/2020,1708.47,1735.99,1735.99,1696.65
11/11/2020,1736.94,1738.88,1746.31,1722.22
11/10/2020,1737.01,1706.45,1741.83,1706.45
11/09/2020,1705.04,1652.11,1745.69,1652.11
11/06/2020,1644.16,1660.78,1667.15,1644.16
11/05/2020,1660.05,1616.65,1664.12,1616.65
11/04/2020,1615.08,1612.98,1631.31,1598.56
11/03/2020,1614.30,1571.95,1620.77,1571.95
11/02/2020,1568.59,1540.86,1568.59,1540.86
10/30/2020,1538.48,1559.69,1559.69,1526.22
10/29/2020,1561.58,1543.06,1566.39,1532.23
10/28/2020,1543.28,1586.77,1609.53,1542.54
10/27/2020,1590.48,1605.67,1609.53,1590.71
10/26/2020,1605.21,1635.22,1635.22,1586.89
10/23/2020,1640.50,1634.06,1641.48,1626.32
10/22/2020,1630.25,1604.95,1631.97,1603.96
10/21/2020,1603.78,1618.34,1621.88,1603.77
10/20/2020,1617.71,1620.57,1632.76,1615.99
10/19/2020,1613.63,1636.84,1647.05,1612.22
10/16/2020,1633.81,1638.48,1646.25,1633.80
10/15/2020,1638.88,1618.88,1641.00,1598.49
10/14/2020,1621.65,1637.97,1647.99,1621.56
10/13/2020,1636.85,1647.57,1647.57,1631.60
10/12/2020,1649.05,1642.46,1652.05,1637.35
10/09/2020,1637.55,1630.71,1645.04,1630.71
10/08/2020,1628.55,1615.27,1630.33,1615.27
10/07/2020,1611.04,1581.12,1614.61,1581.12
10/06/2020,1577.29,1584.49,1619.21,1541.20
10/05/2020,1581.96,1541.20,1582.66,1541.20
10/02/2020,1539.30,1527.59,1544.50,1498.11
10/01/2020,1531.20,1508.60,1531.92,1508.60
09/30/2020,1507.69,1504.84,1528.01,1498.29
09/29/2020,1504.73,1510.20,1512.22,1492.52
09/28/2020,1510.34,1477.43,1514.33,1477.43
09/25/2020,1474.91,1450.98,1478.95,1445.70
09/24/2020,1451.82,1450.84,1474.02,1432.57
09/23/2020,1451.46,1496.97,1503.98,1451.41
09/22/2020,1496.96,1486.05,1497.81,1474.49
09/21/2020,1485.25,1533.92,1533.92,1470.44
09/18/2020,1536.78,1544.34,1556.38,1519.76
09/17/2020,1542.60,1550.14,1550.14,1526.55
09/16/2020,1552.33,1539.27,1572.06,1539.27
09/15/2020,1538.15,1538.54,1551.02,1535.64
09/14/2020,1536.97,1499.38,1538.50,1499.38
09/11/2020,1497.27,1508.80,1515.97,1484.95
09/10/2020,1507.75,1526.87,1543.43,1507.73
09/09/2020,1526.48,1505.09,1532.91,1505.09
09/08/2020,1504.59,1534.37,1534.37,1499.83
09/04/2020,1535.30,1546.64,1563.38,1501.52
09/03/2020,1544.68,1592.47,1595.04,1538.53
09/02/2020,1592.29,1578.78,1595.04,1567.43
09/01/2020,1578.58,1561.10,1578.58,1554.19
08/31/2020,1561.88,1577.55,1577.55,1561.88
08/28/2020,1578.34,1570.46,1578.34,1555.27
08/27/2020,1564.56,1561.36,1573.38,1555.27
08/26/2020,1560.19,1570.72,1572.57,1559.73
08/25/2020,1571.21,1572.65,1574.24,1554.10
08/24/2020,1568.47,1559.96,1568.73,1554.10
08/21/2020,1552.48,1563.37,1563.37,1545.36
08/20/2020,1564.30,1567.77,1570.38,1554.46
08/19/2020,1572.07,1570.44,1585.16,1569.98
08/18/2020,1569.77,1585.54,1585.54,1566.51
08/17/2020,1585.47,1579.48,1586.52,1575.84
08/14/2020,1577.88,1575.78,1583.48,1567.88
08/13/2020,1579.79,1580.26,1590.09,1575.96
08/12/2020,1583.25,1577.90,1595.12,1574.25
08/11/2020,1575.10,1587.57,1603.60,1570.70
08/10/2020,1584.67,1573.75,1593.83,1573.75
08/07/2020,1569.18,1542.52,1569.26,1539.52
08/06/2020,1544.62,1546.44,1550.47,1537.46
08/05/2020,1546.24,1521.79,1546.40,1521.79
08/04/2020,1517.21,1504.32,1517.22,1501.58
08/03/2020,1506.80,1485.49,1507.93,1483.37
07/31/2020,1480.43,1495.15,1495.15,1457.62
07/30/2020,1495.10,1499.20,1499.20,1475.16
07/29/2020,1500.63,1471.37,1501.86,1471.37
07/28/2020,1469.76,1484.37,1485.34,1469.55
07/27/2020,1484.65,1468.23,1484.66,1464.48
07/24/2020,1467.55,1488.67,1488.67,1466.10
07/23/2020,1490.20,1489.33,1507.24,1472.13
07/22/2020,1490.14,1486.43,1496.73,1472.13
07/21/2020,1487.51,1472.13,1496.73,1472.13
07/20/2020,1467.95,1471.67,1474.37,1461.30
07/17/2020,1473.32,1467.87,1482.40,1464.71
07/16/2020,1467.56,1473.78,1473.78,1460.08
07/15/2020,1478.27,1432.50,1485.05,1432.50
07/14/2020,1428.26,1403.13,1428.40,1393.90
07/13/2020,1403.57,1427.36,1452.32,1403.06
07/10/2020,1422.68,1398.92,1422.71,1395.65
07/09/2020,1398.92,1427.44,1427.83,1384.10
07/08/2020,1427.40,1416.36,1431.83,1402.18
07/07/2020,1416.00,1441.30,1461.28,1414.24
07/06/2020,1442.88,1435.95,1461.28,1435.95
07/02/2020,1431.86,1433.39,1459.41,1423.65
07/01/2020,1427.31,1443.29,1451.46,1423.65
06/30/2020,1441.37,1418.55,1444.12,1413.18
06/29/2020,1421.21,1383.04,1427.09,1381.04
06/26/2020,1378.78,1411.37,1411.37,1375.59
06/25/2020,1413.31,1388.41,1413.71,1375.37
06/24/2020,1389.74,1437.20,1437.20,1374.40
06/23/2020,1439.34,1436.46,1454.12,1436.46
06/22/2020,1433.53,1417.67,1433.53,1400.98
